-- phpMyAdmin SQL Dump
-- version 4.7.4
-- https://www.phpmyadmin.net/
--
-- Host: 127.0.0.1
-- Generation Time: 13 Okt 2018 pada 13.01
-- Versi Server: 10.1.28-MariaDB
-- PHP Version: 7.1.10

SET SQL_MODE = "NO_AUTO_VALUE_ON_ZERO";
SET AUTOCOMMIT = 0;
START TRANSACTION;
SET time_zone = "+00:00";


/*!40101 SET @OLD_CHARACTER_SET_CLIENT=@@CHARACTER_SET_CLIENT */;
/*!40101 SET @OLD_CHARACTER_SET_RESULTS=@@CHARACTER_SET_RESULTS */;
/*!40101 SET @OLD_COLLATION_CONNECTION=@@COLLATION_CONNECTION */;
/*!40101 SET NAMES utf8mb4 */;

--
-- Database: `db_toko`
--

-- --------------------------------------------------------

--
-- Struktur dari tabel `barang`
--

CREATE TABLE `barang` (
  `id_barang` int(5) NOT NULL,
  `nama` varchar(20) NOT NULL,
  `deskripsi` varchar(50) NOT NULL,
  `id_kategori` int(5) NOT NULL,
  `harga` int(6) NOT NULL,
  `berat` int(3) NOT NULL,
  `sto` int(3) NOT NULL,
  `last_update` date NOT NULL,
  `id_pemiliktoko` int(5) NOT NULL,
  `gambar` varchar(50) NOT NULL
) ENGINE=InnoDB DEFAULT CHARSET=latin1;

--
-- Dumping data untuk tabel `barang`
--

INSERT INTO `barang` (`id_barang`, `nama`, `deskripsi`, `id_kategori`, `harga`, `berat`, `sto`, `last_update`, `id_pemiliktoko`, `gambar`) VALUES
(901, 'Baju Gaun Biru', 'Baju gaun terbuat dari kain sutra', 802, 300000, 500, 20, '2018-10-11', 20003, 'img/woman1.jpg'),
(902, 'Baju Viking', 'Baju bergaya viking cocok untuk pementasan drama', 802, 500000, 600, 3, '2018-10-12', 20003, 'img/woman2.jpg'),
(903, 'Baju Gamis Garis', 'Baju gamis dengan style garis putih ', 802, 150000, 120, 10, '2018-10-11', 20002, 'img/woman3.jpg'),
(904, 'Party Dress', 'Party dress dari bahan sutra berwarna hitam', 802, 660000, 333, 20, '2018-10-10', 20002, 'img/woman4.jpg'),
(905, 'Baju gaun pendek', 'Baju gaun pendek dengan gambar skull', 802, 250000, 200, 30, '2018-10-08', 20001, 'img/woman5.jpg'),
(906, 'Baju dress hitam', 'Dress dengan tampilan hitam menarik', 802, 440000, 300, 3, '2018-10-09', 20003, 'img/woman6.jpg'),
(907, 'Hoodie Rajut', 'Hoodie rajut wanita warna abu-abu lembut dan cozy', 802, 330000, 200, 10, '2018-10-09', 20003, 'img/woman7.jpg'),
(908, 'Jaket Wanita', 'Berwana putih lembut dan nyaman', 802, 120000, 100, 12, '2018-10-11', 20002, 'img/woman8.jpg'),
(909, 'Kemeja pola unik', 'Kemeja dengan pola unik dan nyaman dipakai', 802, 100000, 200, 21, '2018-10-08', 20003, 'img/woman9.jpg'),
(910, 'Baju tidur wanita', 'Baju tidur satu set beserta bawahan dan atasan', 802, 50000, 100, 4, '2018-10-11', 20002, 'img/woman10.jpg'),
(1001, 'Jaket Putih Casual', 'Jaket putih untuk pria cocok untuk acara santai', 803, 250000, 550, 5, '2018-10-01', 20003, 'img/man1.jpg'),
(1002, 'Jaket Hitam Cool', 'Jaket terbuat dari bahan 100% katun', 803, 450000, 700, 9, '2018-10-02', 20001, 'img/man2.jpg'),
(1003, 'Black Jacket Vintage', 'Jaket hitam yang memberikan stay cool gayamu', 803, 350000, 750, 7, '2018-10-03', 20002, 'img/man3.jpg'),
(1004, 'Kaos Polos Gray', 'Kaos polos untuk pakain sehari-hari', 803, 150000, 250, 7, '2018-10-02', 20001, 'img/man4.jpg'),
(1005, 'Jacket White Grey ', 'Jaket dengan design terbaru 2018', 803, 275000, 670, 3, '2018-10-07', 20001, 'img/man5.jpg'),
(1006, 'Jacket Casual Dark', 'Jacket sekaligus kaos putih yang keren', 803, 700000, 800, 2, '2018-10-03', 20002, 'img/man6.jpg'),
(1007, 'Celana Hitam ', 'Celana untuk aktivitas keseharianmu', 803, 400000, 500, 6, '2018-10-02', 20001, 'img/man7.jpg'),
(1008, 'Black Red Casual', 'Jacket hitam plus kaos merah yang keren', 803, 700000, 800, 4, '2018-10-02', 20001, 'img/man8.jpg'),
(1009, 'Kemeja Casual', 'Kemeja dengan warna hijau tua 100% katun', 803, 250000, 300, 4, '2018-10-01', 20001, 'img/man9.jpg'),
(10010, 'Long Jacket Gold', 'Jacket untuk acara formal khas model', 803, 500000, 780, 5, '2018-10-02', 20003, 'img/man10.jpg'),
(90001, 'Baju Kaos', 'terbuat dari kaos lahh', 801, 70000, 500, 10, '2018-09-03', 20001, 'img/dress1.jpg'),
(90002, 'Celana Levis XXXL', 'Levis oriii dijaminn pass mantap gan', 801, 900000, 900, 5, '2018-09-04', 20001, 'img/dress2.jpg'),
(90003, 'Singlet karet', 'Singlet terbuat dari karet hehe', 801, 10000, 100, 5, '2018-09-04', 20001, 'img/dress3.jpg'),
(90004, 'Baju gaun bekas', 'Bekas dipake raja loh gan', 801, 95000, 200, 3, '2018-09-04', 20002, 'img/dress4.jpg'),
(90005, 'Singlet baja', 'Buat brangkat perang gan', 801, 99000000, 999, 5, '2018-09-04', 20002, 'img/dress5.jpg'),
(90006, 'Kemeja', 'berkualitas ori', 801, 200000, 100, 5, '2018-09-04', 20002, 'img/dress6.jpg'),
(90007, 'Jaket', 'Super hangat untuk orang yang kurang kehangatan', 801, 90000, 100, 2, '2018-09-04', 20003, 'img/dress7.jpg'),
(90008, 'Hoodie', 'Keren dah pokok e gan', 801, 150000, 100, 5, '2018-09-04', 20003, 'img/dress8.jpg');

-- --------------------------------------------------------

--
-- Struktur dari tabel `detail_transaksi`
--

CREATE TABLE `detail_transaksi` (
  `id_transaksi` int(5) NOT NULL,
  `id_barang` int(5) NOT NULL,
  `id_pemiliktoko` int(5) NOT NULL,
  `jumlah` int(3) NOT NULL,
  `harga` int(6) NOT NULL
) ENGINE=InnoDB DEFAULT CHARSET=latin1;

--
-- Dumping data untuk tabel `detail_transaksi`
--

INSERT INTO `detail_transaksi` (`id_transaksi`, `id_barang`, `id_pemiliktoko`, `jumlah`, `harga`) VALUES
(137, 90001, 20001, 5, 350000),
(137, 90004, 20002, 1, 95000),
(138, 90001, 20001, 5, 350000),
(138, 90004, 20002, 1, 95000),
(139, 90001, 20001, 5, 350000),
(139, 90004, 20002, 1, 95000),
(140, 90001, 20001, 5, 350000),
(141, 90002, 20001, 1, 900000),
(142, 90002, 20001, 1, 900000),
(142, 90003, 20001, 1, 10000),
(143, 90002, 20001, 2, 1800000),
(143, 90003, 20001, 1, 10000),
(144, 90002, 20001, 1, 900000),
(145, 90001, 20001, 2, 140000);

-- --------------------------------------------------------

--
-- Struktur dari tabel `kabupaten`
--

CREATE TABLE `kabupaten` (
  `id_kabupaten` int(5) NOT NULL,
  `id_provinsi` int(5) NOT NULL,
  `nama` varchar(20) NOT NULL
) ENGINE=InnoDB DEFAULT CHARSET=latin1;

--
-- Dumping data untuk tabel `kabupaten`
--

INSERT INTO `kabupaten` (`id_kabupaten`, `id_provinsi`, `nama`) VALUES
(1101, 11, 'KAB. ACEH SELATAN'),
(1102, 11, 'KAB. ACEH TENGGARA'),
(1103, 11, 'KAB. ACEH TIMUR'),
(1104, 11, 'KAB. ACEH TENGAH'),
(1105, 11, 'KAB. ACEH BARAT'),
(1106, 11, 'KAB. ACEH BESAR'),
(1107, 11, 'KAB. PIDIE'),
(1108, 11, 'KAB. ACEH UTARA'),
(1109, 11, 'KAB. SIMEULUE'),
(1110, 11, 'KAB. ACEH SINGKIL'),
(1111, 11, 'KAB. BIREUEN'),
(1112, 11, 'KAB. ACEH BARAT DAYA'),
(1113, 11, 'KAB. GAYO LUES'),
(1114, 11, 'KAB. ACEH JAYA'),
(1115, 11, 'KAB. NAGAN RAYA'),
(1116, 11, 'KAB. ACEH TAMIANG'),
(1117, 11, 'KAB. BENER MERIAH'),
(1118, 11, 'KAB. PIDIE JAYA'),
(1171, 11, 'KOTA BANDA ACEH'),
(1172, 11, 'KOTA SABANG'),
(1173, 11, 'KOTA LHOKSEUMAWE'),
(1174, 11, 'KOTA LANGSA'),
(1175, 11, 'KOTA SUBULUSSALAM'),
(1201, 12, 'KAB. TAPANULI TENGAH'),
(1202, 12, 'KAB. TAPANULI UTARA'),
(1203, 12, 'KAB. TAPANULI SELATA'),
(1204, 12, 'KAB. NIAS'),
(1205, 12, 'KAB. LANGKAT'),
(1206, 12, 'KAB. KARO'),
(1207, 12, 'KAB. DELI SERDANG'),
(1208, 12, 'KAB. SIMALUNGUN'),
(1209, 12, 'KAB. ASAHAN'),
(1210, 12, 'KAB. LABUHANBATU'),
(1211, 12, 'KAB. DAIRI'),
(1212, 12, 'KAB. TOBA SAMOSIR'),
(1213, 12, 'KAB. MANDAILING NATA'),
(1214, 12, 'KAB. NIAS SELATAN'),
(1215, 12, 'KAB. PAKPAK BHARAT'),
(1216, 12, 'KAB. HUMBANG HASUNDU'),
(1217, 12, 'KAB. SAMOSIR'),
(1218, 12, 'KAB. SERDANG BEDAGAI'),
(1219, 12, 'KAB. BATU BARA'),
(1220, 12, 'KAB. PADANG LAWAS UT'),
(1221, 12, 'KAB. PADANG LAWAS'),
(1222, 12, 'KAB. LABUHANBATU SEL'),
(1223, 12, 'KAB. LABUHANBATU UTA'),
(1224, 12, 'KAB. NIAS UTARA'),
(1225, 12, 'KAB. NIAS BARAT'),
(1271, 12, 'KOTA MEDAN'),
(1272, 12, 'KOTA PEMATANG SIANTA'),
(1273, 12, 'KOTA SIBOLGA'),
(1274, 12, 'KOTA TANJUNG BALAI'),
(1275, 12, 'KOTA BINJAI'),
(1276, 12, 'KOTA TEBING TINGGI'),
(1277, 12, 'KOTA PADANGSIDIMPUAN'),
(1278, 12, 'KOTA GUNUNGSITOLI'),
(1301, 13, 'KAB. PESISIR SELATAN'),
(1302, 13, 'KAB. SOLOK'),
(1303, 13, 'KAB. SIJUNJUNG'),
(1304, 13, 'KAB. TANAH DATAR'),
(1305, 13, 'KAB. PADANG PARIAMAN'),
(1306, 13, 'KAB. AGAM'),
(1307, 13, 'KAB. LIMA PULUH KOTA'),
(1308, 13, 'KAB. PASAMAN'),
(1309, 13, 'KAB. KEPULAUAN MENTA'),
(1310, 13, 'KAB. DHARMASRAYA'),
(1311, 13, 'KAB. SOLOK SELATAN'),
(1312, 13, 'KAB. PASAMAN BARAT'),
(1371, 13, 'KOTA PADANG'),
(1372, 13, 'KOTA SOLOK'),
(1373, 13, 'KOTA SAWAHLUNTO'),
(1374, 13, 'KOTA PADANG PANJANG'),
(1375, 13, 'KOTA BUKITTINGGI'),
(1376, 13, 'KOTA PAYAKUMBUH'),
(1377, 13, 'KOTA PARIAMAN'),
(1401, 14, 'KAB. KAMPAR'),
(1402, 14, 'KAB. INDRAGIRI HULU'),
(1403, 14, 'KAB. BENGKALIS'),
(1404, 14, 'KAB. INDRAGIRI HILIR'),
(1405, 14, 'KAB. PELALAWAN'),
(1406, 14, 'KAB. ROKAN HULU'),
(1407, 14, 'KAB. ROKAN HILIR'),
(1408, 14, 'KAB. SIAK'),
(1409, 14, 'KAB. KUANTAN SINGING'),
(1410, 14, 'KAB. KEPULAUAN MERAN'),
(1471, 14, 'KOTA PEKANBARU'),
(1472, 14, 'KOTA DUMAI'),
(1501, 15, 'KAB. KERINCI'),
(1502, 15, 'KAB. MERANGIN'),
(1503, 15, 'KAB. SAROLANGUN'),
(1504, 15, 'KAB. BATANGHARI'),
(1505, 15, 'KAB. MUARO JAMBI'),
(1506, 15, 'KAB. TANJUNG JABUNG '),
(1507, 15, 'KAB. TANJUNG JABUNG '),
(1508, 15, 'KAB. BUNGO'),
(1509, 15, 'KAB. TEBO'),
(1571, 15, 'KOTA JAMBI'),
(1572, 15, 'KOTA SUNGAI PENUH'),
(1601, 16, 'KAB. OGAN KOMERING U'),
(1602, 16, 'KAB. OGAN KOMERING I'),
(1603, 16, 'KAB. MUARA ENIM'),
(1604, 16, 'KAB. LAHAT'),
(1605, 16, 'KAB. MUSI RAWAS'),
(1606, 16, 'KAB. MUSI BANYUASIN'),
(1607, 16, 'KAB. BANYUASIN'),
(1608, 16, 'KAB. OGAN KOMERING U'),
(1609, 16, 'KAB. OGAN KOMERING U'),
(1610, 16, 'KAB. OGAN ILIR'),
(1611, 16, 'KAB. EMPAT LAWANG'),
(1612, 16, 'KAB. PENUKAL ABAB LE'),
(1613, 16, 'KAB. MUSI RAWAS UTAR'),
(1671, 16, 'KOTA PALEMBANG'),
(1672, 16, 'KOTA PAGAR ALAM'),
(1673, 16, 'KOTA LUBUK LINGGAU'),
(1674, 16, 'KOTA PRABUMULIH'),
(1701, 17, 'KAB. BENGKULU SELATA'),
(1702, 17, 'KAB. REJANG LEBONG'),
(1703, 17, 'KAB. BENGKULU UTARA'),
(1704, 17, 'KAB. KAUR'),
(1705, 17, 'KAB. SELUMA'),
(1706, 17, 'KAB. MUKO MUKO'),
(1707, 17, 'KAB. LEBONG'),
(1708, 17, 'KAB. KEPAHIANG'),
(1709, 17, 'KAB. BENGKULU TENGAH'),
(1771, 17, 'KOTA BENGKULU'),
(1801, 18, 'KAB. LAMPUNG SELATAN'),
(1802, 18, 'KAB. LAMPUNG TENGAH'),
(1803, 18, 'KAB. LAMPUNG UTARA'),
(1804, 18, 'KAB. LAMPUNG BARAT'),
(1805, 18, 'KAB. TULANG BAWANG'),
(1806, 18, 'KAB. TANGGAMUS'),
(1807, 18, 'KAB. LAMPUNG TIMUR'),
(1808, 18, 'KAB. WAY KANAN'),
(1809, 18, 'KAB. PESAWARAN'),
(1810, 18, 'KAB. PRINGSEWU'),
(1811, 18, 'KAB. MESUJI'),
(1812, 18, 'KAB. TULANG BAWANG B'),
(1813, 18, 'KAB. PESISIR BARAT'),
(1871, 18, 'KOTA BANDAR LAMPUNG'),
(1872, 18, 'KOTA METRO'),
(1901, 19, 'KAB. BANGKA'),
(1902, 19, 'KAB. BELITUNG'),
(1903, 19, 'KAB. BANGKA SELATAN'),
(1904, 19, 'KAB. BANGKA TENGAH'),
(1905, 19, 'KAB. BANGKA BARAT'),
(1906, 19, 'KAB. BELITUNG TIMUR'),
(1971, 19, 'KOTA PANGKAL PINANG'),
(2101, 21, 'KAB. BINTAN'),
(2102, 21, 'KAB. KARIMUN'),
(2103, 21, 'KAB. NATUNA'),
(2104, 21, 'KAB. LINGGA'),
(2105, 21, 'KAB. KEPULAUAN ANAMB'),
(2171, 21, 'KOTA BATAM'),
(2172, 21, 'KOTA TANJUNG PINANG'),
(3101, 31, 'KAB. ADM. KEP. SERIB'),
(3171, 31, 'KOTA ADM. JAKARTA PU'),
(3172, 31, 'KOTA ADM. JAKARTA UT'),
(3173, 31, 'KOTA ADM. JAKARTA BA'),
(3174, 31, 'KOTA ADM. JAKARTA SE'),
(3175, 31, 'KOTA ADM. JAKARTA TI'),
(3201, 32, 'KAB. BOGOR'),
(3202, 32, 'KAB. SUKABUMI'),
(3203, 32, 'KAB. CIANJUR'),
(3204, 32, 'KAB. BANDUNG'),
(3205, 32, 'KAB. GARUT'),
(3206, 32, 'KAB. TASIKMALAYA'),
(3207, 32, 'KAB. CIAMIS'),
(3208, 32, 'KAB. KUNINGAN'),
(3209, 32, 'KAB. CIREBON'),
(3210, 32, 'KAB. MAJALENGKA'),
(3211, 32, 'KAB. SUMEDANG'),
(3212, 32, 'KAB. INDRAMAYU'),
(3213, 32, 'KAB. SUBANG'),
(3214, 32, 'KAB. PURWAKARTA'),
(3215, 32, 'KAB. KARAWANG'),
(3216, 32, 'KAB. BEKASI'),
(3217, 32, 'KAB. BANDUNG BARAT'),
(3218, 32, 'KAB. PANGANDARAN'),
(3271, 32, 'KOTA BOGOR'),
(3272, 32, 'KOTA SUKABUMI'),
(3273, 32, 'KOTA BANDUNG'),
(3274, 32, 'KOTA CIREBON'),
(3275, 32, 'KOTA BEKASI'),
(3276, 32, 'KOTA DEPOK'),
(3277, 32, 'KOTA CIMAHI'),
(3278, 32, 'KOTA TASIKMALAYA'),
(3279, 32, 'KOTA BANJAR'),
(3301, 33, 'KAB. CILACAP'),
(3302, 33, 'KAB. BANYUMAS'),
(3303, 33, 'KAB. PURBALINGGA'),
(3304, 33, 'KAB. BANJARNEGARA'),
(3305, 33, 'KAB. KEBUMEN'),
(3306, 33, 'KAB. PURWOREJO'),
(3307, 33, 'KAB. WONOSOBO'),
(3308, 33, 'KAB. MAGELANG'),
(3309, 33, 'KAB. BOYOLALI'),
(3310, 33, 'KAB. KLATEN'),
(3311, 33, 'KAB. SUKOHARJO'),
(3312, 33, 'KAB. WONOGIRI'),
(3313, 33, 'KAB. KARANGANYAR'),
(3314, 33, 'KAB. SRAGEN'),
(3315, 33, 'KAB. GROBOGAN'),
(3316, 33, 'KAB. BLORA'),
(3317, 33, 'KAB. REMBANG'),
(3318, 33, 'KAB. PATI'),
(3319, 33, 'KAB. KUDUS'),
(3320, 33, 'KAB. JEPARA'),
(3321, 33, 'KAB. DEMAK'),
(3322, 33, 'KAB. SEMARANG'),
(3323, 33, 'KAB. TEMANGGUNG'),
(3324, 33, 'KAB. KENDAL'),
(3325, 33, 'KAB. BATANG'),
(3326, 33, 'KAB. PEKALONGAN'),
(3327, 33, 'KAB. PEMALANG'),
(3328, 33, 'KAB. TEGAL'),
(3329, 33, 'KAB. BREBES'),
(3371, 33, 'KOTA MAGELANG'),
(3372, 33, 'KOTA SURAKARTA'),
(3373, 33, 'KOTA SALATIGA'),
(3374, 33, 'KOTA SEMARANG'),
(3375, 33, 'KOTA PEKALONGAN'),
(3376, 33, 'KOTA TEGAL'),
(3401, 34, 'KAB. KULON PROGO'),
(3402, 34, 'KAB. BANTUL'),
(3403, 34, 'KAB. GUNUNG KIDUL'),
(3404, 34, 'KAB. SLEMAN'),
(3471, 34, 'KOTA YOGYAKARTA'),
(3501, 35, 'KAB. PACITAN'),
(3502, 35, 'KAB. PONOROGO'),
(3503, 35, 'KAB. TRENGGALEK'),
(3504, 35, 'KAB. TULUNGAGUNG'),
(3505, 35, 'KAB. BLITAR'),
(3506, 35, 'KAB. KEDIRI'),
(3507, 35, 'KAB. MALANG'),
(3508, 35, 'KAB. LUMAJANG'),
(3509, 35, 'KAB. JEMBER'),
(3510, 35, 'KAB. BANYUWANGI'),
(3511, 35, 'KAB. BONDOWOSO'),
(3512, 35, 'KAB. SITUBONDO'),
(3513, 35, 'KAB. PROBOLINGGO'),
(3514, 35, 'KAB. PASURUAN'),
(3515, 35, 'KAB. SIDOARJO'),
(3516, 35, 'KAB. MOJOKERTO'),
(3517, 35, 'KAB. JOMBANG'),
(3518, 35, 'KAB. NGANJUK'),
(3519, 35, 'KAB. MADIUN'),
(3520, 35, 'KAB. MAGETAN'),
(3521, 35, 'KAB. NGAWI'),
(3522, 35, 'KAB. BOJONEGORO'),
(3523, 35, 'KAB. TUBAN'),
(3524, 35, 'KAB. LAMONGAN'),
(3525, 35, 'KAB. GRESIK'),
(3526, 35, 'KAB. BANGKALAN'),
(3527, 35, 'KAB. SAMPANG'),
(3528, 35, 'KAB. PAMEKASAN'),
(3529, 35, 'KAB. SUMENEP'),
(3571, 35, 'KOTA KEDIRI'),
(3572, 35, 'KOTA BLITAR'),
(3573, 35, 'KOTA MALANG'),
(3574, 35, 'KOTA PROBOLINGGO'),
(3575, 35, 'KOTA PASURUAN'),
(3576, 35, 'KOTA MOJOKERTO'),
(3577, 35, 'KOTA MADIUN'),
(3578, 35, 'KOTA SURABAYA'),
(3579, 35, 'KOTA BATU'),
(3601, 36, 'KAB. PANDEGLANG'),
(3602, 36, 'KAB. LEBAK'),
(3603, 36, 'KAB. TANGERANG'),
(3604, 36, 'KAB. SERANG'),
(3671, 36, 'KOTA TANGERANG'),
(3672, 36, 'KOTA CILEGON'),
(3673, 36, 'KOTA SERANG'),
(3674, 36, 'KOTA TANGERANG SELAT'),
(5101, 51, 'KAB. JEMBRANA'),
(5102, 51, 'KAB. TABANAN'),
(5103, 51, 'KAB. BADUNG'),
(5104, 51, 'KAB. GIANYAR'),
(5105, 51, 'KAB. KLUNGKUNG'),
(5106, 51, 'KAB. BANGLI'),
(5107, 51, 'KAB. KARANGASEM'),
(5108, 51, 'KAB. BULELENG'),
(5171, 51, 'KOTA DENPASAR'),
(5201, 52, 'KAB. LOMBOK BARAT'),
(5202, 52, 'KAB. LOMBOK TENGAH'),
(5203, 52, 'KAB. LOMBOK TIMUR'),
(5204, 52, 'KAB. SUMBAWA'),
(5205, 52, 'KAB. DOMPU'),
(5206, 52, 'KAB. BIMA'),
(5207, 52, 'KAB. SUMBAWA BARAT'),
(5208, 52, 'KAB. LOMBOK UTARA'),
(5271, 52, 'KOTA MATARAM'),
(5272, 52, 'KOTA BIMA'),
(5301, 53, 'KAB. KUPANG'),
(5302, 53, 'KAB TIMOR TENGAH SEL'),
(5303, 53, 'KAB. TIMOR TENGAH UT'),
(5304, 53, 'KAB. BELU'),
(5305, 53, 'KAB. ALOR'),
(5306, 53, 'KAB. FLORES TIMUR'),
(5307, 53, 'KAB. SIKKA'),
(5308, 53, 'KAB. ENDE'),
(5309, 53, 'KAB. NGADA'),
(5310, 53, 'KAB. MANGGARAI'),
(5311, 53, 'KAB. SUMBA TIMUR'),
(5312, 53, 'KAB. SUMBA BARAT'),
(5313, 53, 'KAB. LEMBATA'),
(5314, 53, 'KAB. ROTE NDAO'),
(5315, 53, 'KAB. MANGGARAI BARAT'),
(5316, 53, 'KAB. NAGEKEO'),
(5317, 53, 'KAB. SUMBA TENGAH'),
(5318, 53, 'KAB. SUMBA BARAT DAY'),
(5319, 53, 'KAB. MANGGARAI TIMUR'),
(5320, 53, 'KAB. SABU RAIJUA'),
(5321, 53, 'KAB. MALAKA'),
(5371, 53, 'KOTA KUPANG'),
(6101, 61, 'KAB. SAMBAS'),
(6102, 61, 'KAB. MEMPAWAH'),
(6103, 61, 'KAB. SANGGAU'),
(6104, 61, 'KAB. KETAPANG'),
(6105, 61, 'KAB. SINTANG'),
(6106, 61, 'KAB. KAPUAS HULU'),
(6107, 61, 'KAB. BENGKAYANG'),
(6108, 61, 'KAB. LANDAK'),
(6109, 61, 'KAB. SEKADAU'),
(6110, 61, 'KAB. MELAWI'),
(6111, 61, 'KAB. KAYONG UTARA'),
(6112, 61, 'KAB. KUBU RAYA'),
(6171, 61, 'KOTA PONTIANAK'),
(6172, 61, 'KOTA SINGKAWANG'),
(6201, 62, 'KAB. KOTAWARINGIN BA'),
(6202, 62, 'KAB. KOTAWARINGIN TI'),
(6203, 62, 'KAB. KAPUAS'),
(6204, 62, 'KAB. BARITO SELATAN'),
(6205, 62, 'KAB. BARITO UTARA'),
(6206, 62, 'KAB. KATINGAN'),
(6207, 62, 'KAB. SERUYAN'),
(6208, 62, 'KAB. SUKAMARA'),
(6209, 62, 'KAB. LAMANDAU'),
(6210, 62, 'KAB. GUNUNG MAS'),
(6211, 62, 'KAB. PULANG PISAU'),
(6212, 62, 'KAB. MURUNG RAYA'),
(6213, 62, 'KAB. BARITO TIMUR'),
(6271, 62, 'KOTA PALANGKARAYA'),
(6301, 63, 'KAB. TANAH LAUT'),
(6302, 63, 'KAB. KOTABARU'),
(6303, 63, 'KAB. BANJAR'),
(6304, 63, 'KAB. BARITO KUALA'),
(6305, 63, 'KAB. TAPIN'),
(6306, 63, 'KAB. HULU SUNGAI SEL'),
(6307, 63, 'KAB. HULU SUNGAI TEN'),
(6308, 63, 'KAB. HULU SUNGAI UTA'),
(6309, 63, 'KAB. TABALONG'),
(6310, 63, 'KAB. TANAH BUMBU'),
(6311, 63, 'KAB. BALANGAN'),
(6371, 63, 'KOTA BANJARMASIN'),
(6372, 63, 'KOTA BANJARBARU'),
(6401, 64, 'KAB. PASER'),
(6402, 64, 'KAB. KUTAI KARTANEGA'),
(6403, 64, 'KAB. BERAU'),
(6407, 64, 'KAB. KUTAI BARAT'),
(6408, 64, 'KAB. KUTAI TIMUR'),
(6409, 64, 'KAB. PENAJAM PASER U'),
(6411, 64, 'KAB. MAHAKAM ULU'),
(6471, 64, 'KOTA BALIKPAPAN'),
(6472, 64, 'KOTA SAMARINDA'),
(6474, 64, 'KOTA BONTANG'),
(6501, 65, 'KAB. BULUNGAN'),
(6502, 65, 'KAB. MALINAU'),
(6503, 65, 'KAB. NUNUKAN'),
(6504, 65, 'KAB. TANA TIDUNG'),
(6571, 65, 'KOTA TARAKAN'),
(7101, 71, 'KAB. BOLAANG MONGOND'),
(7102, 71, 'KAB. MINAHASA'),
(7103, 71, 'KAB. KEPULAUAN SANGI'),
(7104, 71, 'KAB. KEPULAUAN TALAU'),
(7105, 71, 'KAB. MINAHASA SELATA'),
(7106, 71, 'KAB. MINAHASA UTARA'),
(7107, 71, 'KAB. MINAHASA TENGGA'),
(7108, 71, 'KAB. BOLAANG MONGOND'),
(7109, 71, 'KAB. KEP. SIAU TAGUL'),
(7110, 71, 'KAB. BOLAANG MONGOND'),
(7111, 71, 'KAB. BOLAANG MONGOND'),
(7171, 71, 'KOTA MANADO'),
(7172, 71, 'KOTA BITUNG'),
(7173, 71, 'KOTA TOMOHON'),
(7174, 71, 'KOTA KOTAMOBAGU'),
(7201, 72, 'KAB. BANGGAI'),
(7202, 72, 'KAB. POSO'),
(7203, 72, 'KAB. DONGGALA'),
(7204, 72, 'KAB. TOLI TOLI'),
(7205, 72, 'KAB. BUOL'),
(7206, 72, 'KAB. MOROWALI'),
(7207, 72, 'KAB. BANGGAI KEPULAU'),
(7208, 72, 'KAB. PARIGI MOUTONG'),
(7209, 72, 'KAB. TOJO UNA UNA'),
(7210, 72, 'KAB. SIGI'),
(7211, 72, 'KAB. BANGGAI LAUT'),
(7212, 72, 'KAB. MOROWALI UTARA'),
(7271, 72, 'KOTA PALU'),
(7301, 73, 'KAB. KEPULAUAN SELAY'),
(7302, 73, 'KAB. BULUKUMBA'),
(7303, 73, 'KAB. BANTAENG'),
(7304, 73, 'KAB. JENEPONTO'),
(7305, 73, 'KAB. TAKALAR'),
(7306, 73, 'KAB. GOWA'),
(7307, 73, 'KAB. SINJAI'),
(7308, 73, 'KAB. BONE'),
(7309, 73, 'KAB. MAROS'),
(7310, 73, 'KAB. PANGKAJENE KEPU'),
(7311, 73, 'KAB. BARRU'),
(7312, 73, 'KAB. SOPPENG'),
(7313, 73, 'KAB. WAJO'),
(7314, 73, 'KAB. SIDENRENG RAPPA'),
(7315, 73, 'KAB. PINRANG'),
(7316, 73, 'KAB. ENREKANG'),
(7317, 73, 'KAB. LUWU'),
(7318, 73, 'KAB. TANA TORAJA'),
(7322, 73, 'KAB. LUWU UTARA'),
(7324, 73, 'KAB. LUWU TIMUR'),
(7326, 73, 'KAB. TORAJA UTARA'),
(7371, 73, 'KOTA MAKASSAR'),
(7372, 73, 'KOTA PARE PARE'),
(7373, 73, 'KOTA PALOPO'),
(7401, 74, 'KAB. KOLAKA'),
(7402, 74, 'KAB. KONAWE'),
(7403, 74, 'KAB. MUNA'),
(7404, 74, 'KAB. BUTON'),
(7405, 74, 'KAB. KONAWE SELATAN'),
(7406, 74, 'KAB. BOMBANA'),
(7407, 74, 'KAB. WAKATOBI'),
(7408, 74, 'KAB. KOLAKA UTARA'),
(7409, 74, 'KAB. KONAWE UTARA'),
(7410, 74, 'KAB. BUTON UTARA'),
(7411, 74, 'KAB. KOLAKA TIMUR'),
(7412, 74, 'KAB. KONAWE KEPULAUA'),
(7413, 74, 'KAB. MUNA BARAT'),
(7414, 74, 'KAB. BUTON TENGAH'),
(7415, 74, 'KAB. BUTON SELATAN'),
(7471, 74, 'KOTA KENDARI'),
(7472, 74, 'KOTA BAU BAU'),
(7501, 75, 'KAB. GORONTALO'),
(7502, 75, 'KAB. BOALEMO'),
(7503, 75, 'KAB. BONE BOLANGO'),
(7504, 75, 'KAB. PAHUWATO'),
(7505, 75, 'KAB. GORONTALO UTARA'),
(7571, 75, 'KOTA GORONTALO'),
(7601, 76, 'KAB. MAMUJU UTARA'),
(7602, 76, 'KAB. MAMUJU'),
(7603, 76, 'KAB. MAMASA'),
(7604, 76, 'KAB. POLEWALI MANDAR'),
(7605, 76, 'KAB. MAJENE'),
(7606, 76, 'KAB. MAMUJU TENGAH'),
(8101, 81, 'KAB. MALUKU TENGAH'),
(8102, 81, 'KAB. MALUKU TENGGARA'),
(8103, 81, 'KAB MALUKU TENGGARA '),
(8104, 81, 'KAB. BURU'),
(8105, 81, 'KAB. SERAM BAGIAN TI'),
(8106, 81, 'KAB. SERAM BAGIAN BA'),
(8107, 81, 'KAB. KEPULAUAN ARU'),
(8108, 81, 'KAB. MALUKU BARAT DA'),
(8109, 81, 'KAB. BURU SELATAN'),
(8171, 81, 'KOTA AMBON'),
(8172, 81, 'KOTA TUAL'),
(8201, 82, 'KAB. HALMAHERA BARAT'),
(8202, 82, 'KAB. HALMAHERA TENGA'),
(8203, 82, 'KAB. HALMAHERA UTARA'),
(8204, 82, 'KAB. HALMAHERA SELAT'),
(8205, 82, 'KAB. KEPULAUAN SULA'),
(8206, 82, 'KAB. HALMAHERA TIMUR'),
(8207, 82, 'KAB. PULAU MOROTAI'),
(8208, 82, 'KAB. PULAU TALIABU'),
(8271, 82, 'KOTA TERNATE'),
(8272, 82, 'KOTA TIDORE KEPULAUA'),
(9101, 91, 'KAB. MERAUKE'),
(9102, 91, 'KAB. JAYAWIJAYA'),
(9103, 91, 'KAB. JAYAPURA'),
(9104, 91, 'KAB. NABIRE'),
(9105, 91, 'KAB. KEPULAUAN YAPEN'),
(9106, 91, 'KAB. BIAK NUMFOR'),
(9107, 91, 'KAB. PUNCAK JAYA'),
(9108, 91, 'KAB. PANIAI'),
(9109, 91, 'KAB. MIMIKA'),
(9110, 91, 'KAB. SARMI'),
(9111, 91, 'KAB. KEEROM'),
(9112, 91, 'KAB PEGUNUNGAN BINTA'),
(9113, 91, 'KAB. YAHUKIMO'),
(9114, 91, 'KAB. TOLIKARA'),
(9115, 91, 'KAB. WAROPEN'),
(9116, 91, 'KAB. BOVEN DIGOEL'),
(9117, 91, 'KAB. MAPPI'),
(9118, 91, 'KAB. ASMAT'),
(9119, 91, 'KAB. SUPIORI'),
(9120, 91, 'KAB. MAMBERAMO RAYA'),
(9121, 91, 'KAB. MAMBERAMO TENGA'),
(9122, 91, 'KAB. YALIMO'),
(9123, 91, 'KAB. LANNY JAYA'),
(9124, 91, 'KAB. NDUGA'),
(9125, 91, 'KAB. PUNCAK'),
(9126, 91, 'KAB. DOGIYAI'),
(9127, 91, 'KAB. INTAN JAYA'),
(9128, 91, 'KAB. DEIYAI'),
(9171, 91, 'KOTA JAYAPURA'),
(9201, 92, 'KAB. SORONG'),
(9202, 92, 'KAB. MANOKWARI'),
(9203, 92, 'KAB. FAK FAK'),
(9204, 92, 'KAB. SORONG SELATAN'),
(9205, 92, 'KAB. RAJA AMPAT'),
(9206, 92, 'KAB. TELUK BINTUNI'),
(9207, 92, 'KAB. TELUK WONDAMA'),
(9208, 92, 'KAB. KAIMANA'),
(9209, 92, 'KAB. TAMBRAUW'),
(9210, 92, 'KAB. MAYBRAT'),
(9211, 92, 'KAB. MANOKWARI SELAT'),
(9212, 92, 'KAB. PEGUNUNGAN ARFA'),
(9271, 92, 'KOTA SORONG');

-- --------------------------------------------------------

--
-- Struktur dari tabel `kategori`
--

CREATE TABLE `kategori` (
  `id_kategori` int(5) NOT NULL,
  `nama` varchar(20) NOT NULL
) ENGINE=InnoDB DEFAULT CHARSET=latin1;

--
-- Dumping data untuk tabel `kategori`
--

INSERT INTO `kategori` (`id_kategori`, `nama`) VALUES
(801, 'Pakaian Anak'),
(802, 'Pakaian Wanita'),
(803, 'Pakaian Pria');

-- --------------------------------------------------------

--
-- Struktur dari tabel `keranjang`
--

CREATE TABLE `keranjang` (
  `id_keranjang` int(5) NOT NULL,
  `id_pengguna` int(5) NOT NULL,
  `id_barang` int(5) NOT NULL,
  `id_pemiliktoko` int(5) NOT NULL,
  `nama` varchar(30) NOT NULL,
  `harga` int(6) NOT NULL,
  `jumlah` int(5) NOT NULL,
  `total_harga` int(6) NOT NULL
) ENGINE=InnoDB DEFAULT CHARSET=latin1;

--
-- Dumping data untuk tabel `keranjang`
--

INSERT INTO `keranjang` (`id_keranjang`, `id_pengguna`, `id_barang`, `id_pemiliktoko`, `nama`, `harga`, `jumlah`, `total_harga`) VALUES
(64, 9, 90003, 20001, 'Singlet karet', 10000, 2, 20000),
(67, 9, 90004, 20002, 'Baju gaun bekas', 95000, 3, 285000),
(71, 13, 90002, 20001, 'Celana Levis XXXL', 900000, 1, 900000);

-- --------------------------------------------------------

--
-- Struktur dari tabel `konfirmasi_pembayaran`
--

CREATE TABLE `konfirmasi_pembayaran` (
  `id_transaksi` int(5) NOT NULL,
  `nama_pengirim` varchar(20) NOT NULL,
  `nama_bank` varchar(30) NOT NULL,
  `nomor_rekening` varchar(30) NOT NULL,
  `jumlah_transfer` int(6) NOT NULL,
  `tanggal_transfer` date NOT NULL,
  `file_bukti_pembayaran` varchar(255) NOT NULL
) ENGINE=InnoDB DEFAULT CHARSET=latin1;

--
-- Dumping data untuk tabel `konfirmasi_pembayaran`
--

INSERT INTO `konfirmasi_pembayaran` (`id_transaksi`, `nama_pengirim`, `nama_bank`, `nomor_rekening`, `jumlah_transfer`, `tanggal_transfer`, `file_bukti_pembayaran`) VALUES
(129, 'asdasd', 'BRI', '346453543234', 1215000, '2018-10-10', ''),
(130, 'AAL', 'BRI', '9839283429', 1215000, '2018-10-10', ''),
(132, 'asdasdasd', 'BRI', '2342342536', 165000, '2018-10-11', ''),
(137, 'Asw', 'BRI', '23424324', 445000, '2018-10-12', ''),
(138, 'magrib', 'BRI', '6785646567', 445000, '2018-10-12', 'bukti/bukti pembayaran mahasiswabiasa.xyz.jpg'),
(139, 'tyky', 'BRI', '67869768679', 445000, '2018-10-12', 'bukti/galax.jpg'),
(140, 'uujjjjj', 'BRI', '7867856869', 350000, '2018-10-12', 'bukti/'),
(141, 'fgdfg', 'BRI', '6756756', 910000, '2018-10-12', 'bukti/Warframe0001.jpg'),
(142, 'gfghfg', 'BCA', '79657679', 910000, '2018-10-12', 'bukti/'),
(143, 'ghgfhfhg', 'BCA', '7687567', 0, '2018-10-12', 'bukti/Warframe0023.jpg');

-- --------------------------------------------------------

--
-- Struktur dari tabel `pemilik_toko`
--

CREATE TABLE `pemilik_toko` (
  `id_pemiliktoko` int(5) NOT NULL,
  `nama_toko` varchar(20) NOT NULL,
  `deskripsi_toko` varchar(50) NOT NULL,
  `gambar_profil_toko` blob NOT NULL,
  `alamat_toko` varchar(50) NOT NULL,
  `id_provinsi` int(5) NOT NULL,
  `id_kabupaten` int(5) NOT NULL,
  `kodepos` int(5) NOT NULL
) ENGINE=InnoDB DEFAULT CHARSET=latin1;

--
-- Dumping data untuk tabel `pemilik_toko`
--

INSERT INTO `pemilik_toko` (`id_pemiliktoko`, `nama_toko`, `deskripsi_toko`, `gambar_profil_toko`, `alamat_toko`, `id_provinsi`, `id_kabupaten`, `kodepos`) VALUES
(20001, 'Sekuy Shop', 'Sekuyyyyyyyyyyyyyyy BELIII', 0xffd8ffe2021c4943435f50524f46494c450001010000020c6c636d73021000006d6e74725247422058595a2007dc00010019000300290039616373704150504c0000000000000000000000000000000000000000000000000000f6d6000100000000d32d6c636d7300000000000000000000000000000000000000000000000000000000000000000000000000000000000000000000000a64657363000000fc0000005e637072740000015c0000000b777470740000016800000014626b70740000017c000000147258595a00000190000000146758595a000001a4000000146258595a000001b80000001472545243000001cc0000004067545243000001cc0000004062545243000001cc0000004064657363000000000000000363320000000000000000000000000000000000000000000000000000000000000000000000000000000000000000000000000000000000000000000000000000000000000000000000000000000000000000000074657874000000004642000058595a20000000000000f6d6000100000000d32d58595a20000000000000031600000333000002a458595a200000000000006fa2000038f50000039058595a2000000000000062990000b785000018da58595a2000000000000024a000000f840000b6cf63757276000000000000001a000000cb01c903630592086b0bf6103f15511b3421f1299032183b92460551775ded6b707a0589b19a7cac69bf7dd3c3e930ffffffe000104a46494600010100000100010000ffed008450686f746f73686f7020332e30003842494d04040000000000681c02670014764c765036386d35783836436c747857773956561c0228004a46424d4430663030303737313031303030306135313930303030326134343030303037333464303030303230353630303030643237613030303064386133303030303634613630303030ffdb0043000b08080a08070b0a090a0d0c0b0d111c12110f0f1122191a141c29242b2a282427272d3240372d303d302727384c393d43454849482b364f554e465440474845ffdb0043010c0d0d110f1121121221452e272e4545454545454545454545454545454545454545454545454545454545454545454545454545454545454545454545454545ffc2001108031002d003012200021101031101ffc4001b00010100030101010000000000000000000001030405020607ffc400190101010101010100000000000000000000000102030405ffda000c03010002100310000001f9e014000002928160aa28160292885280016004582580a4a10029160944511404011445940258000251144025116000116000a3a7cceba72bcfd06d9f29b1d6e4173eefa38597a7d13e7b67c7d11f20fa0e81f2176bbe7cbbe8721f379fb7ac715dddc3e5b3f5b74e1eb77fd9f39ebbd98f9fd7fa3a7ce79e9ee9f3efa6c47cf4fa4c87cbbe8764f957d0e73e633f6bd9f353eb744e0ec6fed1f3f3e9fc1f373e93d1f353e8721f373e9f19f38fadd53e71d0ea1f36fa7c47167521c4bf5dcf391aff004388e1ec6ff44f9ed9eb653e4f3f7b9a7327d0f38c797a7e4e1e4eb663e642c580004585032631b39f4099f0c2e5f7af4c9935c5cd8064d8d41eb2e119736ad3670f827435b5c65f7af4cbeb00d9f5a83364d52ee78d619726b0ece8ea0d9f38064f7829efde019f73983775b18dbc388746f349b17586ff00be68daf3ae56d6a8cbeb5ec65f1e06cf8c32b63178199806cf9c03670f8865f3e06d78c03379c620004a2000014001400014149652d04b001efc6d9d8e765c499bdeb663c7ac3b25f1d5e51a5b7a5ba64f1719efc79d9306f68e734f6f9f9ccd83635cdac59f48dec346a74797ba7961867f58e18b0eee92f739f9f1267c9a990f3efce134f0edea2c510100025100025100025100b28000a000a4f53298960a029280a4a000a45160144a1140004a000a795114458011445100045125116117dc636deac459a45800944001161400283635be94f9ebd81ccd7fa3f9c1d6e4f53a73d8627a3865621958865b86995886561199886562866f583726b0b6fce2eb33f9b31377c4bab8fa9c7ae7597cddc14002508a2148002289424a22ed1a8d9de3913ba384ebf1cd9fa1d6f7f37d5b3835fa1cba7ce69fd770bd7e7e70f6714b001284b000050019b0d335c032e381bfa39759d868b78deba14dd690dd695371a6375a5e8da6a0dbba74dbd9e58eb78e633aeb62e75ae9de58ebe8eb12ab9ee29408a2508a228804a200524a276b8dd930f2badca3b1e7d793907acbeab5defc3eaf3bfa3ad1d5c583c73bc1d7edf13e8f983a662c004a200500028050066c5b29acceac2cd4c0ce305cc30b38c2cd4c0cd4c1730c2cc30dcc30b30c372d30330c2b255940201652288b001288b0022c1d9e37549cae8f3cebf9f30e5ac8ef6ce1cff3bd9e32ae5caf1d4d0eed5e79ebf241a8944580096140037f47a879c9e3c19d9a1a1a9d6e48ec71fa3d796fcd27a786edd11bcd11bcd11bcd126f344bbcd11bcd11bdb1c9ddcdd98c78de5f130d9b771f9cdd8e7ef71b534ecf5e5f4452c51144b290004a1144580116094458251161d0ecfcb743c7dfb2e7e879fa743889eff32575cc9440250960000b280140a017361cb67879b6541e9054a2c0a000a4f504a02914452ca66800000009445d93559f090f678043218e5dc34990625f6630466a609609445825f6639ebd18cca6299710001406c600b94c450066c3d5d6796ed378e33b238d7b038eec538eec238f7af6b8eeb8e43ae390ebd390eb8e43ae3917af2392eb0e4bac392eb8e3b7f473b8ace808a2289bba594ddc9cdf47434d80decbab88ddf5a230f53919cd6ec72b7465d2ce6bedf3b68dec3a5e0ec6b61d736f178c27570e8fb3a38b5701d0c9ab80e979e5fb3a2d6c27bd1cd845003e9b9fa1b66fe2e68e8e3d6874789b3ac5e8f3b73a73d86b3d3c365acad96b2365acad96b0d96b2365ac365acad96b2365ac365ac3b1745c7aeedd0966ded727d9bdef9bee5d5d7f533a8ae5d259485201288a20008b0022c1288b08b00202012c1289284b04a00594594140141971e5305a23d08f423d0f2f423d0f2f43cdb4f2f43cbd8f0f63cbd13cbd0f2f43cbd8f1e80559652080a8a2288097d43cafb31cf54f0f7e4f2f7ecc33a9e4e6bbbc43ccd9c2789e8799eb78e7cdaa6acdac2639609ebc800de349b70d66de639edaa6a378695ded11b5abd5de346f51db972ef4e9cb75072ef4e1cd748739d1a735d21cd748739d189cf7461cf740bcfbd0273af412f3dd095a0df1a0e848d06fdae7baf7178f3b3ed786eb7bb38ced7a978783a7ccceacae7d3776b91b86de1c580eaeaeb7b336ce8e333eb78d8367163c66ee3c306e61d03ad8f53d9a1d5d2da316cf8d636343a5cd30812c202f5b914ef4e153b38b963bfadca1bfd5f9cc86ff00341bda39f78d8695edcb71a6371a6371a90dc6a0db6a0db6a0db6a5369aa369aa369aa369ab4d96ad365ad0da6b0d96b0d96b0eaecf0fc635decbf3897adb1c159ddcbf3a976b54968e5d02a0128804b002012c22c12880804b04b04b050a05059459402e5c594c6205a1408285949400500005948a0000280088a20a0902929614928808002012c00928804b08b04a12c20051932f60e2bab0e364d9e89c5cbd3d735b5ba9cb1d2e6f43a73d8617a786661199861b0c10d86b8d86bd33dd71b0d786cb5e1b2d71b0d71b0d71b0d786cb5a9b0d71b0d71b0d71b0d71b1706fe35ace86be75aebbb668b3678d2d0e9726583877804a20201289288b08b08b04a24a2012c22c16533dd71bfaf846761a6ddd319b14a5dad5c9ace46b378d96b5361ae361af4cec033b08ccc233310cac432b10cac432b1532318c8c632318c8c632318c8c74cbb7ce4bd2c5a28d8dae6addfbcf46deaca518dc00100960045827a8496096004584025825828282ca2ca2c14a32e2d94d764b66364a626518d9462b9063bee98d90636418ee418d90636418ee41899298afba636418d90636418d90626518e6518990b8d9098e6518990b8a92c0258010096165f201008096096094400140b28e8f3fa463f7b1e8d0d4eb72a1d4e5eef6e7bcd17a7cfbcd156f3446f3446f3446f3446f3446f3446f3446f3446f3446f3451bcd156f3446f3446f3446f3451bcd11bcd156f6cf23a18d66f583373d4f38fc6a6df9b8b376397d1e26a631e5f4258a04582580096096116116094496058400140a140f5e68b28cb8b3261aba9e6d1169e6d11e879be8787b1e5ec787b1e26418efba636418d90636418d90636418d90636418d9063f74636491e1ec78be95e1ec419d2510116096002584582582580125096100b2805057b879bebd1e1efc172e2e96b3cdbd66f1c975a9c975a1cabd4a729d51cb75072dd4a72dd48731d3a72dd41cbbd31cc74c731d31cc74c731d31cc74c731d31cc74c731d31cc74c73275072dd591cb75072dd42f29d589cb7af38e904a9449440258012582580100961160b280507d06b686c9b1e74329d5e06c6b8dfd0daebcf335efa3867601b0d719d806c4c033b00cec033b00ced7a676019d80676019eeb8cec03626019d806c4c033b00cec033b00cf9b4bdcbd4d9e54e5d373526bef3da9a0c6b7706b63b9d64bc7b419d2580100960049449600402582582ca01414140b28c98f2986da9e6d11e879be879b69e5e8797aa797a1e5e8797a11e8797a1e5e8797aa797a1e5e8797a1e5ea1e5e8797a1e5e8787a2f97a2797a1e1e8b282582580116096020209600402582582ca01414159f31a57adc92e7c1d4de39d7aeebcf917ac392eb0e4dea8e53aa3957a8396ea0e64ea0e63a6398e98e6ba439ae90e6ba439ae90e6ba439ae90e6ba43997a439ae90e6ba439ae9648e43b5933ae0bb78359e55ef49782ee6338b2ce5d50952c00804b04a24b04b002012c12c16500a0a0dcf5a34ee71251bba79778d8693b72dd690dd698dc698dc698dc698dc698dc6a0db6a0db6a0db6a5369aa369aa369a836da836da94da6a0db6a8da6ac36daa36b2e845eee5e079e7aed69e8353e81f3ecdeeebf29a96f9f5c7ac592a510100960049609600402582582c1414140b28b28cb8b318ac141528b050500152802c0b28b000000000b0000258580001004a20258080096020960960040258400140b29eefbeb1c77761c3f3d1e70e97377fa73d8617a38e661267602e760267bae5d86b933dd71b0d72ec35c6c35c6c35c6cb586ccd71b0d726c35c6c35c6c35c6c35c6c35c6c35cbb0d71b0d71b3367cf3de067966199b665d06e7839ba997173dc59cfa2580096096096096004961658400140b299bdeb5373c6b0ded382ed6ae4d672359d31b2d6a6c35c6c300cec14ccc233308ccc34cac432b10cac54c8c6325c432cc632318cac4325c70c9718f6c632318c9714334c43a787499bd1c5a637fd734745ce2fb9e7d66c19d200096100961009609600404b28b28b28b28b0505cb876530322cc77dd31b20f0c831df63c5f63c3d8f0f74c77d8f0f63c3dd31df631b243c320f0f63c3d8f0f63c3d531b20c6c831b20c6f74c4c831b20c57d971b213132c31b263582540021010012c1012c04165160bd0e7f58f18f6721cec1d3d03739dd3e60eaf2b7baf2df9a2f4f9f7ae85379a0adeba037da037da2379a037ae88de688de68c37da037da037da28de688de9a52b7da14de688de688de68a379a2ade68a379a2ade688e9fad2dae5bcac7ea6b167d1d8b367c30e6f9e2f4b992870ef0096096096004040258258014140f5e699b14a2c173e0cb6784596f9a54a00292a9144511447a1e5e879b69e5ea11e8799ec78be8797a1e5e8797a1e5449e8451e54581160010254259342058404025825800961012ca54a54a0ca63b0564c65cb87a773ce75dd31c8bd78725d71c9758726f551ca7569c9bd4572dd4a72af511cb75072dd4572ef4c72dd41cbbd31cc74c731d31cc74c72ef4c72dd4472dd41cb7515cb75072e7551ca753d1c99d68729d51ca9d62f25d4e64be4637017cd8251008100961620960b05b05b05eef0b39d3f3cff66ff1f3e087439fb9d79e76bbd3c33b5e99eeb8d89806c35c6c35c676086cb5a9b0d71b0d786cb5c6c35c67bae33dd719d806c4c03626019d806c4c0362601b0d719d806c35c747373b273df4a737de75ef67979b59e9e1d6f18d64e4ecead09c3b008100960200202582001529528b280505c98f298544b44b445a79b44b4797a1169e5e845a797a1e5e8797a1e5e8797b8797a1e5ea9e2da787a1e5e8797a1e5ea1e5e8797a1e54797a27952f9b6202a02580080804021620000b05b05053d1e6f4b985d8d7ebef1ccbda75e5c5768716f64bc67649c6bd81c776071dd81c875c721d72f22f58725d61c975e1c9758725d61ca754729d52725d61c9bd52f25d62725d62f25d61c9758722f58721dcf79bc07d053e75dbcd5f3cfa4f11f3de3b9c3cd90e7d442c0404b00201012c0096500594a9465c54eb72652eff003f3ef1b7345df96fb429bd3486edd11bd34a9b97486e5d21bb34c6eb486eb4c6e4d486eb4c6e4d41b8d31b8d31b774c6e34c6e34c6e34c6e34c6e4d41b8d386ecd31d5d9e1cc6bbfebe76e75d5d8e0dd67e9307059bd4e520272ea0082580096020961602001528054a502c17361ca62b29528054a2c16c150500150500a402c0000b054a200021500004b058858020025858800400420017c800005066c5f4fc9347cf6b19c97678c3abcae9f4e79ee27a386562195886562195886562196e119588666119984b998466612666119984666119984666119984666119984b99846661266611998466b83a78de8b77cc6a3365ad46f7a979fa7d4e41aa4f3f7b2c10004040012c00250058373de88df9a23a9cd82ef6865d6765a17a6379a34dd690dd690dd695371a74dbba54dc9a836da836daa36aea0db9ab4da6a0db6a0db9aa36aea0db6a0db6a5369a836e6a8da6a8db698db6a0db6a536f7b8b25eace5a5eafbe393af78c5eb68eb8a39ec42c04040012c2c0105828005940160b9b0eca6bb25ac5720c6c831dc831b20f0f74c6c831b20f0c831b20c77d8f17d531bdd31bd8f0f7631b22b1b20c77d8c6f74c6c90f1320c6c831b20c6c90c6c831b243c4c831cca313243c425b01012c0010000800160a06e69f48d6f19f64e7e2eb724bd9e2f4faf2e8345e9e1bcd11bcd11bcd11bcd11bcd11bcd11bcd11bcd11bcd11bcd11bcd11bcd11bcd11bcd11bcd11bcd11bcd11bcd11bcd11bcd11bcd11bcd11bcd11bdb5c7eae35ebc78675efdeb7b4cb7c7b97cf1fa3c8ad51e6f4258200020000960012802c1650054a3675b2d9585666621958ad646346463192e31918c6463191e15ede11ede47abe07b781ee791ede07b781ede07b781ee791e9e47a791e9e07b781ede07bf780649e0646219663197c78026756580040000800080152802cf679000cd87ab73cb766ef3c5768719d91c6bd8271dd8abc776071dd81c776071dd82721d72f21d71c8bd6a71ef58725d62725d61c975e2f25d61c975aa71dd88721d72f21d71c875c71dd81c7bd71c776071e7651c67655c69d91c676471a76bc1c99673e8800008000858002c140eef1b6cddd6d7f46f717a1cf1d5e5747a73d8bacf4f0d86b8d86b8d86b8d96b0d96b0d96b0d96b0d99ae362eb0d99ae362eb0d99ae361ae362eb0d86b8d86b8d8bac362eb0d96b0d96b0d96b0d99ae361ae361ae3637397b39bbf79ec6fa5ad83159d3bcff59bd0e665d1d4e70f3f70940400004b00000160a940160b9317b31bd08a22925a58f44f354f2f458a22923d17cbd13cda58a48a593d0f2f44f3697cdb4f168f2f4493d0f2f45f2a2292297ca922964f44f2a58a0010b00010b00010a94250002a51664324c9ecc3afbfa20000153d195ef29830ee6a9e5054a00b2999b10c18f7354c682a0a82a0cf338c3e37354c480000432faf598d7f3b38cd50100006464ca6bb37a34400080193db39aed91a5e336133bf47d03e1efdae73e0df7f8cf847dd643e05f7b94fcf5f67b47c1beaf7cf857df0f817d675cfcf1f71ecf847dee13e25fa0fb3f3b7e883f3bbfa18fcf1fa18fcf1fa18fcf1fa18fcf1fa18fcf1fa18fcf5fa10fcf5fa10fcf5fa10fcf5fa10fcf5fa10fcf5fa10fcf5fa10fcf1fa18fcf1fa18fcf1fa18fcf1fa18fcf1fa18fcf27e883f3b7e883f3b7e883f3b7e883f3abfa20fcee7e8a3f3a7e8a3f3a7e8a3f397e8c3f397e8c3f397e8c3f397e8c3f399fa38fce1fa38bcee8f93e3f27d60f91dbfa31f25efea87cd77b38f8fcdf534f8cf5f623e4327d58f88fa3e9d3e627d40f90dcfa31c8ecca00000000000000000000000000000000000000000000000001fffc40032100001040202000404060203010101000000010203111213041410223150212340600520303233341541244243704445ffda0008010100010502ff00e6f1f05f2b1529de1144b33dd0b9b34dc47c2d18c591f345a64e9bf6fe652485624f18a259a45e2aa1231637b1b9be466b7ba15645fa8c895f1f8ba256c3facf85591244ab0f8430acf27832157c7144b339bc37bbc21896693c178ef6bd9c391ef7c6e8e49e07f1ddfabc6fe92650719ac6b79525cdc187f99d7fe5394d6bf8fc34a8a3b5392f5ede6abcbb4e4f19d823e0aed24994de5e4c5f191e9e6e1f35eab0c2ae67e1ed6a6c8deab047fcad7fcb55f3adac56f7f29ac6b992ab163e07f6add2c3253b996e998b94648badb6e8a15a6f2567ff008d4d64fbfe44ac6a19ff00cb6dc5c5e791351f131ef7aa49ada8dd67aa6188b946b58c8e4d90bd5971267c3e135afe4a39ef66cc16b4c7cd555e342f5e82e0c733e541c773ddce7bf7f0b80a88f8e34c92fbb111f9f87f87a7fca4974f1b9c88de5398e74c8e724f1f1519cfe5377717f5524735b1cf2c4907275924d24a22d2ed7e724f24c31ee89ce9e573d55557749966ec3b5362d556aa4afbcdd83b912bd9d897073dce19cad7c5df2671caf8977499ed7d24d235ee9e570bc9995363e9fc895ede34a90ccf9e4911d239ce7cf2c8d8b9513192cee91cc9e58dbba4bcdd86e90cdd8acd229ba4ce09d91b7933ef7e6fa5e54ca6c7a90721ac77279292a3f912c8d6f22563619d1afe4f252562f26656f62548d155aabc999c9b5f6d9a4639f2be43372313933358c9a48977caafcdd84733e25db229be5437c88762548d8f746bb1ca8f7b9ee6726663239e488dd20c7ba3fbf9adcdfca8dae8138b9b59c36b9dd04da9c78947711aad4e242e7c5c3458a785609138d1a33a4ddbd5628fe23118bc5449dbc66610c0d8a7e3ff007343153a7f3df1c35d38f367199aba4cd9170f28f930687e9dcc938ccd3c1f5fff009bc17351dc9cb7c51acb2c1142c56f1e348db12c314f024bc9eac6e6270e359e562324f72e3c8d865673df941cad0d8393ad89cb63668676237b2d511ac8963e5b754b26c9139113a3772daaf67251ac4e420de5c43390c58fb8c47c52613c93a3e0ee26e7be144edc39ba7ca0eda76e3e5b709a4d8f672dad12644838f3687cb3c6b1b64e3e52cf1cd2c522c52f66060d9e173179799dc6acbd985b1a4f1f679336f97ff803fd3dedac73c771e54fa7ebcb583b1d6ec5d04ac4f08e28e4675613ab09d584eac275613ab09d584eac275613ab09d584eac275613ab09d584eac27561138912af5613ab11d584eb4275a13ad11d5887410b53d8208b6bdad46a0f89b21371dd17d2aaa3062b1fc77e1d69646c337833f8ecb2cb2cb2cb2cb2cb2cb2cb2c85e98b3249e655c257650c1f01bf31b92bdb95721df55c781790f9e158258ff000f7491ff008b71fe2dc4bc074519c56630cb22b55f33d8c28e4f1f0fa47c8e90495c91ed76123d657f86488ccd0cd0cd0cd0cd0cd0cd0cd0cd0cd0cd0cd0cd0cd0cd0cd0cd08a68d13b7e7772115aee535cc8e7d6abc9f8bf948adee0af4faafc33fb1f88ff70fc33fb3f897f6bc194c8f8acc8c36cf450a964d1ea93ea1e9f0a28a28a28a28a28a28a28a28a28a28a28a28a2beabf0cfec7e23fdc3f0cfed7e25fda1bfbb92ea811cf6b36698354ac6c932f6790a98739131fa87fa7b9fe19fd8fc47fb67e19fd9fc4bfb67a0ab9f2790e51ecb9b2d8f679959e7672e4ca4fa858dce6e990d321a6434c86990d321aa434c86a90d321a6435486979a9e6a79a9e6a90d4f35486a79aa4353cd4f35486a79a9ff55c091b1cdcd7b64e49c07b639f9cf6c9c8f0e3d2b1ed478e447a27c1118d692399c66fd0a428bc458a38e2959c7647271589c767198bc69626b20f089ead66f71b9c6e71bdc6f71bdc6f71bdc6f71b9c6f71b9c6e71bdc6f71bdc6e711bed11d9bdcea6c8aac6c6f73d6d455f87c6df2b95a9e9f5fc59715f19b928c15557e89936be14f2ece3721c8e8b7336ee62be992f1fc13f6596596596596596596596596590674987626f8b246ae8816c472442fca67fece5b3fd7b047cb568bcc692721effac7395133719b8cdc66e33719b8c9c64e3371938c9c64e3271938c9c64e3270923da64e3271938c9c5b8c9c64e3277d80ff004f69640f911d12b1be0c6abdde2c6abddea2716472bdb839ecc1c3db83fc238d645d4babf3e0aac44b57b558f15b4c6316477d03fd3da78c31f870dac6caeb63d38bfd96cb9cad6b62895614919937948b93ff00fdbfea446c4ebdb14d3e3c99d88c9a49343bf896f640ab1a48e56c504fe6644ddb12f1d8e72bd191c68c915abba2dd53be3def586357a31b21c69f64ad46450f270bfcba25af0d6e48ff002b238deceb4075a13ad09d684eb4275e13ad09d784ebc275e13af09d784ebc275e13af09d784ebc275e1344275e1344275e1138d129a213af11a2234446884d111d7889638d8dfd263d5866baf6b9059dca8c72c6fecbc64aac459dcafdeecfd0dced8896b24f5c87cce78bcb7aaaadaa721c89b5c2bd559da78b2395af9d5ec63d637b5ee6a4732c69d87e68f54676de6e7a4a8f7247b9e876de8327731b248e917f2b9e914ad893910b1d1b551cc4e1e88db3e11c8c58e155f06fecb2cb2cb2cb2cb2cb2cb2fc2cb2cbf0b2c89d71c768e9555249557446b8c09e6545db1e4ae7c8be5f7192559578b32424533a25599ce67664dae9dce5deecfc2e999a1999999999999999999999999999199999191999998c9e34627245e4a2abf908ac8e7c13b5f31dc8f83b9568e77c3de9fe94514514514514514514514514514514514514514514515ef6ef4f6ec555a896bea398e614b48d572b9aac5af862b8c7f09228f6f2a2e3b9794d4cf98d6ab95f04ac4c571a551115cabf05d77c47c12c691ad45d79a9ec7317e8d637b9ba6434c86990d321a6434c86990d321a6434c86990d321a64353cd4f35486a79a6435486a90d4f353cd4f353cd4f353cd4f353cd4f353cd4f35486a79aa4353cd4f35486a79a9e6a79aa435486a7fe4e2afcc813ac361d3c862acf0c6d6b616a68e3bd37c33a35f0cff002a183f9e355ff23c772f778caabce63b4f0e09dec951a893f1d1b0471c7d5512558f81c699ed9b046338d64b22cb27e7d49d5771a4637af26d671a47a410239baf6c9d6973d2ad8fa9309c55583c237ab59b9c6e71b9c6e71b9c6e71b9c6e71b9c6e71b9c6e71b9c6e71b9c6e71b9c6e71b9c6e71b9c6e71b9c6e71b9c6e71b9c6e71b9c6e71b9c6e71b9c6e711bd5c88fce4555c5463dcf5555517d12c92472a27a78cf3ef1fc857f1e27ea965955f37266defe3cfa1609754d23f649942d91b2b53971488ce4433247c986646b11dc7857376ce4cfbe49f90b331bab53278faed7f1e0564df2d64e3ba1935dfe77e0ce3aac4c624ccd106a6b5bf19d658df2458c246e4ea3b16725aad7f17c13f65965965965965965965965965965965965965965965965965964398987624f8b645b6f1d7e28ba517e527accf5b13d3da5ef748ef1739513371938c9c64a64a64a64e3271938b716e2dc5b8b716e2d4b716e2dc5b8b716a5a96a5a96a5a96e2dc5a96a5a96a5a88f7b4b716e2dc5a96e2dc5b8b77b7bbd3ed977a7d9ee8dcc12191cd6c523d1528c1d8e0e160950eb4de2c8d8f6f5a23ad11d688eb4475a23ad11d788ebc475e23af11d788ebc475e23af11d788ebc475e23af11d788d111a2234446888d119a233446688cd111a2234446888d111a2234446888d111a223af1d75e33af19a223af19d78cebc475e22446a3bd82066c9b90c7c90315392d627fc2e54892cf0bd138ce62c67255bb1cf7747c13f659659659659659659659659659659659659659659659659659659622d3a55739adf462fcb9fe135d4f92c50bbc8b2adc6efdfec11c8b12c72ba31394f44daba63916355915637725ef1fc87489b1562f0ca9b999a19a19a19a19a1999a19a19a19a19a19a19a19a19a19a1999a19a1999999999999999999999999999999989252bf90c46f6d06cec1d2e6eed8de4a235395e6927ccbb77b5bd3e14514514514514521898989451451451451898989462626262626262626262628626286262518946262857b63fd3ed956395bade6b79ade6b79ade6b79ade6b79adc6b71adc6b71adc6b79ade6b71ade60e3071adc6b71adc60e3071838d6e3071838c1c60e3079838c1c60e3071838c1c6b71838c1c6b71838c1c6b79ade6b79ade60ef648a16698e2648ed514b1c912320f08dead6ef71bdc6f71bdc6f71bdc6f71bdc6f71bdc6f71bdc6f71bdc6f71bdc6f71bdc6f71bdc6f71bdc6f71bdc6f71b9c6f71bdc6f71b9c6f71b9c6f71bdc6f71b9c6e71b9c6f70c7f951eaa79b27397163d5c79b273971f8934aae67b1f1ada6d89d2451eb8d5a9271fc3feb6596596596596596596596596596596596596596596596596596596596439e37f336224aa9aa18bcd12391aefe18ff00648f5f2fb2a2aa2f8bd5513271938c9c64e3271938b716e2dc5b8b716e2dc5b8b716e2dc5b8f31e63cc5b8f31e63cc5b8f31e63cc798f31e63cc798f31e62dc798f308f7a25b8f316e2dc5b8b716e3e2bed4ff004fb65de9f69358e7888ae546aaae0ec918e5f1646c7b7af09d788ebc46888d111a2234446888d111a2234446888d111a2234446888d111a2234446888d111a2234446888d311a6234c46988d311a6234c46888d111a6234c46988d311a2234446888d311a223af19a2234446888d111a22344468887565f5fc647c70c6cd7cf81aebe523993727cb0f827edb2cb2cb2cb2cb2cb2cb2cb2cb2cb2cb2cb2cb2cb2cb2cb2cbf0b2cb2cb2cb22722492e47ee585d71b3e2fcb27e5839df2a3e47eeffb7d7be5748bdb7ded72c6de439a893393c6e9b9999999999999999999999999999999991999999999999919991999191919199999191919191999198c9111d24edaec35123e4358dd8993b948a272929bc84a926d8eff007eccff004a28a28a28a28a28a28a28a28a28a28a28a28a28a3128a28a4290a28a28a28a28a28c50a28a28a2bda1fe9f6cb9aaadc1c60e3071838c1c60e3071838c5c62e31718b8c5c62e31718b8c5c62e31718b8c5c62e31718a98a98a98a98a98b8c5c62a62a62e31531718b8c5c62e31718b8c54c5c62e31531531718b8c1c62e3171e9ec50c7b647a415d3f18deac6ef537a9bd4dea6f537a9bd4dea6f537a9bd4dea6f537a9bd4dea6f537a9bd4dea6f537a9bd4dea6f537a9bd4dea6f537a9bd4dea6f537a9bd4dea6f537a9bd4dea6f519239ef7ca28d72b98933945b11554472d492398abf17fb0f1a448e57c2d60f962f1ff00ad96596596596596596596596596596596596596596596596596596596596591de72ff001e4ad206ae0d5c245f23ab372aee8f90ef37fbf6672aa266a64e3271938c9c64e3271938c9c64e2dc5b8b716e2dc5b8b716e2dc5b8b52d4b52dc5b8b716e2dc5b8b52d4b52d4b52d4b716e2dc5b8b716e2dc39ef7bb2716e2dc5b8c9c64e32709eceef4fb65fe9f6935aae11ae545639a983b1c5513c191b1edeb4475a33ad19d68ceb4675e33af19d78cebc675e33af19d78cebc675e33af19d78cd119d78cebc6688cd119a233446688cd119a233446688cd119a233446688cd119a233446688cd119a233446688cd119a233af19a233acc53af19d78cebc675e33af19d78cebc64cc6313eb61739b372d308a6f9ad5f2c137f53c13f6d96596596596596596596596596596596596596596596596596596596596596596316e38ef0955592f2144761c75f839bf3532591927a7d6c722c4f499c8cecbf6ee70de4b919e1953734334334334334333343343343343343343343343333333233323333333333323232333232323332333233333333323232331b3c6d6a4cc1395f35f335c3276a33b5e75e4fc5fc96ab5cbecaf4f851451451451451486286262628626262626262628626262626286286286262626262626262626262626286262862626262628518989895ecaff4fb655ae56eb79ade6b79ade6b79ade60f35bcc1c60e3071838c1c60e3071838c1c60e3071838c1c60e3071838c1c60e3071838c1c60e3071838c1c60e3071838c1c60e3071838c1c60e3071838c1c60e3071838c1c60e3071838c1e60e35bc5f87d52431b22d0dd93719ec599a8d1a9939f1c11af846f56377a9bd4dea6f537a9bd4dea6f537a9bd4dea6f537a9bd4dea6f537a9bd4dea6f537a9bd4dea6f537a9bd4dee37b8dee37a9bdc6f537a9bdc6f537a9bd4dea6f537a9bd4dea6f537a9bd4dea46f73d564c9eae5c5ab90d95ce739cb8f986b955af91ec55f5fa95c7930e6c6bd55ac26623e463b5cb344c7bfc3feb6596596596596596596596596596596596596596596596596596596596596596596590e7949f0739d8c51da3607224dfc4cff00deb6c73bf297eb11695f23a577e473a933533533533532532532532719299299299299299296a5a99299299296a5a96a5a96a5a96a5b8b52d4b52d4b52dc5a96a5a96a5a96a5a96a5a96a5a99299288f7357272ae4e32719299b8c9c64e325f637fa7db2ff004fb4d237b93c1ac57f8b2363d9d688eb4475a23ad11d688eb4475e23af11d788ebc475e23af11d788ebc475e23af11d788d111a2234446888d111a2234446888d111a2234446888d111a2234446888d111a2234446888d111a2234446888d111a2234446888d111d788eb46875e23af11d788ebc475e23af10b0434bebf56cbea62c9e6d11acecc2bc1bfb2cbf0b2cb2cb2cb2cb2cb2cb2cb2cb2cb2cb2cb2cbf1bf0b2cb2cb2cbf0b2cb2cb2c81c88f5bdaeb58e3555643f1972db1dfcfcb5327f2cbfefead64558a39562127a91b2ab3c6e99921921919191919199919192191919191919191919199919191919191919191919191919191919191919191919191911bd993e76a8e9db827258c1b2e0f7721b8f6d06f21b8ba4cddec4ff4a28a28a28a28a28a28a28a28a28a28a28a28c4a28a28a28a28a28a28c4a28a28a28a28a28a28a28a28af637fa7db2e6aab7071838c1c60e31718b8c5c62e31718b8c5c62e31718b8c5c62a62a62e31718a98b8c5c62e31531718b8c5c62e31718b8c5c62e31718a98b8c54c54c5c62e31718b8c5c62e31718b8c5c62e31718b8c5c62e31718b8c5c62efaf44b57c5044be113d58cdea6f537a9bd4dea6f537a9bd4dea6f537a9bd4dea6f537a9bd4dea6f537a9bd4dea6f537a9bd4dea6f537a9bd4dea6f537a9bd4dea6f537a9bd4dea6f537a9bd4dea6f537a9bd4dea6f519239eab25b9557145c86cae72b9cb8fc46b955af95ed55fddf5ac760f9a26caff0004fd96596596596596596596596596596596596596596596596596596596596596596596590e793fcae72e31448a8d81c8937f133ff7adb14ee474abebec2e72a26c536299a9b1c66e33719b8cdc66a66a66a66a66a66e3353353371929929929938c94c94c94c9c64a64a64a64a64a64a64a64a64a64a64a64e3253271929929929929929938c9c3647357372ae6e3638cd4d8e3638d8e335f637fa7db2ff004fb4b53e86b55eef4fc8c859233a911d488ea4475223a911d58ceac475633ab19d58ceac675633ab19d58ceac675633ab19d68ceb4675a33ad19d68ceb4675a33ad19d68ceb4675a33ad19d68ceb4675a33ad19d68ceb4675a33ad19d68ceb4675a33ad19d68ceb4675a23ad19d68ceb4675633ab11d48ebab19d588eac475623ab11d588eac44d1b23fa96faab5af6451b592b99148cebc7b3c1bfb2cb2cb2cb2cb2cb2cb2cb2cb2cb2cb2cb2cb2cb2cb2cb2cb2cb2cb2cb2cb2cb2cb2cb2cb2cb57323bd6adc65e4fefcb5b1df28ab72bb3e3cdf52bc872b9394a8f5e53d5efe4b9ec59ab81e195333433433433433333333333333333343333333333333333334334333333433433333333333333333333433334333333333333333333333b11b1ac9a369d975cbc8daade4b714e4a1daf3be76ab5eb7ec0f4f85145145145145145145145145145145145146251451451451451451451451451451451451451451451451457b03fd3ed956395bade6b79ade6b79ade6b79ade6b79ade6b7983cc1e60f3079ade60f307983cc1e60f35bcc1e60e3079838c1c60e307183cc1c60f3071838c1c60e307183cc1c60f307983cc1e60f35bcd6f35bcd6f35bcd6f35bcd6f3079ade6b79ade6b79ade2b1c9f55043b4934d3d8b18ac548fc217ab19bd4dea6f537a9bd4dea6f537a9bd4dea6f537a9bd4dea6f537a9bd4dea6f537a9bd4dea6f537a9bd4dea6f537a9bd4dea6f537a9bd4dea6f537a9bd4dea6f537a9bd4dea6f537a9bd4dea6f537a9bd457628d72ab737ec91eb1b9ae5544571e7cdce546f25eaff00aae2b9aac567589f9563f95707837f65965965965965965965965965965965965965965965965965965965965965965965965965896ad8b2735658d5dc9aca96463976a22a23ddf2f8f2fa7d7abe9bb54d8a6d536a9b14d8a6c53629b14d8a6c53629b14d8a6c53629b14d8a6c53629b14d8a6c533533533536299a99a99a99a99a99a99a99a99a9b14d8a6c53629b14d8a6c53629b14d8a6c53629b1459deaddae3629b54dae36aa1b54dae15d7ec0ff4fb65fe9edffefd8d5aadfccc81b2b3a4c3a4c3a6c3a4c3a4c3a6c3a6c3a6c3a6c3a6c3a6c3a6c3a6c3a6c3a6c3a6c3a6c3a6c3a6c3a6c3a6c3a6c3a6c3a8c3a8c3a8c3a8c3a6c3a6c3a8c3a8c3a6c3a6c3a6c3a8c3a8c3a8c3a8c3a6c3a6c3a6c3a6c3a6c3a6c3a6c3a6c3a6c3a6c3a6c3a6c3a6c3a4c3a4c3a6c3a6c3a6c3a6c3a519d260ee246d4fa79db9f25608b2740d8e15e3b162f067f1d965965965965965965965965965965965965965965965965965965965965965965965965965903904bdefbd32ab9c907ee4f9accb35cb1924f83be9a37e0eedbf6bf90af6cbca7ccabcc55f145a664646464648646464646464646464646464646464646464666486464646464646464646464646464646486464646464646464646444f8c74ed7bdd3b5537b1ad8e6d6e5e420ee4b69394d15f7f5cff4a28a28a28a28a28a28a28a28a28a28a28a28a28a28a28a28a28a28a28a28a28a28a28a28a28a28a28a28a28a2beb956fed844b34bcd4f34bff0047d4d4e435bab4b8f4fd1d4e3538d4e15b4bfa1a9c246aaa913873559fa28c554d4f353858dc89fa0d639e6b53538589c89fa182e1a5e6a79a9e39aadfd562a35ec9510dcd3737f453d76f9f7a23b6b3073b277e741d3a29b9a6e68f765fa2b3261b5b493a23dce4c7f4192e29b9b5b9a492a3bf462930564c8d36335be647afe831c88cdcdadedbdedb7bafc34ca6994d329a6534ca6994d329a6534ca6994d329a6534ca6994d329a6534ca6994d329a6534ca6994d329a6534ca6994d329a6534ca6994d329a6534ca6990d329a6434c86990d321a6434c86990d321a6434c86990d321a6434c86990d321a6434c86990d329a6534c86994d329a6534ca6994d329a6534ca6994d329a6534ca6994d329a6534ca6994d329a6534ca6994d129a6534ca6994d329a6534ca6994d329a6534ca6997c3973f5a1e3cb2bdace4c32bb73297930a2bf95046f7cf1c6d4e444b1abbe5c3cc6be064f14ad9f9ec447f262895d3318c8e78e64e4f3d8c8917e09cb815f27262895d3c6c4ee418b5c8f6fd89cc7a3218d1efe35b267bdfa9208bfe744e8a04e5b6a5e2a3191afc606b3281f0aec95f13d92a6be4cb0399c78a3d84ae8978333f38e0938f83959072921768640cff23f85ff004bec6a2bc2bc2bc28a28a2bc2bc28af0a13ec4ffc4002711000203010002010401050100000000000001111213022140310310305160223241507061ffda0008010301013f01ff00acc7e6efe0964b2592c964b2592c4d9e4973f279fd8e7d1e39491f277f4e3fb7f2b52a0cd19a334668cd19a334668a152a54a7a5249d2feafcb28944a25128944a25128944a2512bd1892a7c0dcb9fc9dfc1041041041040915f04792a35e8fd3fa91f23fa9ca3ae9f5f3f9aa8aa2a8aa2a8aa2a8a954551088442ff0040fa8344688d11a2344688d11a2344688d11a2344688d10ba9f77bf82190c86432190c86410c8655888fbf1fc2ba7546acd59ab3566acd59ab3566acd59ab3566acd59ab35668cbb2dd17e8b7471d4fafd29466ccd99b33666ccd99b33666ccd99b33666ccd99b33666cab21952a72bf8277f05ba2dd16e8b745ba2dd16e8b745ba2dd16e8b745ba2dd16e8b745ba2dd09b6793cfecf3fb399b7acd499a334668cd19a334668cd19a334668cd19a334668cd19a33450a152a57d7945916459128b224925128944924a251644a2c8b22c8944a2513eaf7fdbf8a3f1724221495435e57ab04104104104104104104104104104108aa2a8aa217aadc1a2344688d11a2344688d11a2344688d11a2344688d11a2344688d11a2344688d11a217a7df9454a952a54a952a54a952a54a952a54a952a25f68f8fb3f839f8fe01d3846a68686a6a6a6a6a6a6a686a6a6a686a6a6a686a68599a1765d8bd3e94a3333333333333333333333333333333333333333284152086c5fc03b7e0b32ccb32ccb32ccb32ccb32ccb32ccb32ccb32ccb32ccb32ccb32ccf279fd8a5ff93cfece1fa4d49999a33334668cd19a3333334666666668cccccccccccccd19a2850a95128f4e51644a2c8b22c8b225128b2251289459128944a251289459128944a24944a267d1fa9f1ec25e0842e4aa38f9f460aa2a8aa2a8aa2a8aa2a8aa2a8aa2a8aa2a8aa2a8aa2a8aa2a8aa2a8aa2a8aa2a8aa23d17d41a2344688d11a2344688d11a2344688d11a2344688d11a2344688d11a2344688d11a23446885da7e8f7f054a952a54a952a54a952a54a952a54a952a54a9512f1f65f6e3e7fdf74ea8d19a334668cd19a334668cd19a334668cd19a334668cd19a334668cd19a33465d9765d97673d36fd1e94a33666ccd99b33666ccd99b33666ccd99b33666ccd99b33666ccd99b33666ccd956910cab219cf30ff00df76e116e8b745ba2dd16e8b745ba2dd16e8b745ba2dd16e8b745ba2dd16e8b745ba2dd16e8b745ba2dd09f4cfeafd93d4fc9e7f627d4fa0d4a333333333333333333333333333333333333333333333333171054aff00e952bfe7d19249249249249249249249249249249249249458944a27d0fa9f1ecf2548f2550979f41a92a8aa2a8aa2a8aa2a8aa2a8aa2a8aa2a8aa2a8aa288a2288aa2a8aa2a8aa2a8aa2a8aa23d06e14b34e4d3934e4d3934e4d3934e4d3934e4d3934e4d3934e4d3934e4d3934e4d11a234e4d3934e4d3934e4d39344688d11a2345f9fbf82a54a952a54a952a54a952a54a952a54a9520a952a544bcfda3cfd9a917fcf3fffc4002b1100020202020103020603010000000000000112130211032140103031516022324150617004204271ffda0008010201013f01fed86c5927ef71aec8220882208822088220878a4746968e8493f079327c99c50f178767173cbf0e5eee2f5d96b2d65acb596b2d65acb5966c9ff04c9966bc07f02c5c7ff4784be4ab2df671652c56fddd334cd334cd334cd334cd334cd334cd3f01fc0f3d66582e49748c718ad7b9c7f275e9d1d7fae5f06fb37f84d89f83cdc3b72c4c7fc7cd9c7c4b05d7bbbd1364d9364d9364d9364d93649927f524c93fd831c7654ca99532a654ca99532a654ca995b2b656cad95b32c63e6f13ec992268912264c99344d131bf47e9caf7f65638c994a294528a514a294528a4a514a294528a514a29452524110c4782443133c23e3e0f4cb516a2c45a8b516a2d45a8b516a2d45a8b516a2d45a8b50f24cda248da33cb7f6271ade44110441104411044110441104411044110441104411043c523a348e8c928efc6c5e8b0b4b4b4b4b4b4b4b4b4b4b4b4b4b4b4b0b0992264879f5af1f468d1a6699a668d1a3468d334cd33468d1a3445916699a669f8bc7f9bc4ccdb37d12627d3f153d126499264992649926499264992649926499264992649926499264992649f8a96ca99532a654ca99532a654ca99532a65591532a654ca99532a654ca99532b656cad95b1f87c7d32489224892248922489224892248922489124491224892248792d1f413f9f45f265f3f60618c8a4a4a4a4a4a4a4a4a4a4a4a4a4a4a4a4a4a4a4a4a8822b2085c7b1f4fc3c1c596a2d45a8b516a2d45a8b516a2d45a8b516a2d45a8b516a2d45a8b5167449689a368592437b7f6071adb2088220882208822088220882208822088221890441104411044110c4e85a3a3a39169f858bd32d65acb596b2d65acb596b2d65acb596b2d65acb596b2d65acb596b2d65ac99364c9993df8712244891224489122448912244891224489122448b22c8b22cd6bc1e3f9f2327d9be8c9926727e5f053d1364d9364d9364d9364d9364d9364d9364d9364d9364d9364d9364d93649926499263c9bf0563b2a654ca99532b656ca99532a654ca99532a654ca99532a654ca9956454ca99532b656cad95b32c1a5e0f1fc922448912244891224489122448912244891224486fb3f432f9f4cff2fefd86327a29292929292929292929292929292929292929292929292b44115a44119e115e0e1969ecb516a2d45a8b516a2d45a8b516a2d45a8b516a2d45a8b516a2d45a8b516a2d43cd6c921e69924679ad6bf7ee349b2bc4af12bc4af121895e257895e257895e24312bc4af12bc4af12bc4af12bc4af12bc486243121890c478a46b1fa1ac7475f41ac75bf0317a7b2d65acb596b2d65acb596b2d65acb596b2d65acb596b2d65acb596b2d65acb596b1f26fe49fd49ff0489f5af07468d1a34cd33468d1a64591668d1a3468d1a22c8b22cd334cd334cd1a34fc0e2f93a3a3a3af4e8e8e8e8ebd3a3a3a3a3a3a3a3a3af5e8e8c8d9be891ff3e027af826c9b26c9b26c9b26c9b26c9b26c9b26c9b26c9b26c9b26c9b26c9b26c9b24d9264992649f8096fa457915e457915e457915e457915e457915e457915e457915e457915e457915e457915e457915e457915e457915b2b656cad95bf7f8de99224489122448912244891224489122448912244892248c9ed7a7e9e89e87fd79fffc4003b10000201030301060307040104020300000001021131320312214110223351719113506104202330404260526281a1b1537072c1147382d1e1ffda0008010100063f02ff00b6fbd4a14f51af2eddb1a7f93e17ee2adc7dfb2305766caa7e86caaaedddf9106ff7aafdc5088bbd17596d1c1dd0a2baba0e2fa10d4e92fcd9ceabb9f723a9d25f9f0d4e2931eaf45dbb237ed9cd5a05134baf24395df55ecd89a5ebdba71ffa9624b85b386cd8ee253ebf9df69345e869a96fcb8a9adb229bf875dbf5253d68284a2f8e2843d49350df475a1f1f63d396ef735b5231dfa8ac8fb3eace2a3aae54f544df1c488dbc3a89ce2953529c0e125dca63b08796e3ed10708d21cae0d09ea24ab3e86ae9ea6925a6970e85211a34baab9a0bcd54dd086e96ff00234a728253707544f5e3052d5ad2d63466e3b6734ea69cf8abd5a1f699a8296a43848d094e1b65f149e9cf4d7c3f3a1f6652b559a8a7fe3b9639e7835d6b69a8a82e1d0d3d1696da57d4d65ada6a318d9d0d18e969a7092e5d0fb44945553347e169a96fc9d0d7eeae34ec69eb6c8ef6e9635ded58568696aec86e93a58fb55174443476476b8f3c15d182937369f0697776bdbca3ecaa56ab3594f492493a3a1f654a0bbf7e0fb4cb4a09cd48fb2b9c145b9f3c1f6b728d1743461a5a6a506b9743ed128453d456468fc686d6f53927092ee2e8a1636423474eaae25235fe2692545c707d962a31efae7835e7a50acd4e9e868392daf9e09db2a0a1fb296d84f53421ba5bbcac45ea69ec7b5ff9355b8aac274542758d7eb4ad0fb4c755a49d2b436b825051ee9f67ff00c19b631db2a758dc5e868d231aca4ee89a47d92495550d6ac37e8ca5cd0757dc877f91bdea7383af1e5f9ce29f0ee5213691aae4db94e34a9df9b742aae6fdcf7799f892a9ba0e8c53737b958abb9bb7bad286cdcf69b7e23a09abab127b9d657fa8a3b9d11b65374366f7b45b9d6963642aa7bab537ef7bbccac25437ef7bbcc4b73a2751cd49ee7d4e66ef528e6f912dce91b7d0db29ba1bdf914949b8f91b9caafccdb39b684a9354e89f04fa465d0a466d21bdeeb25462857baba0fbcf9e18a35e1590eb27cdc53dcf7798f76f4df583b8a8a892a212dce91b1cea323dec6df424f5376e7fba2c84615a47abb9b6536d1b633690e5a9b9b7fb95c8c215a275ac8dae6e86c537b4aae1a39d4647bd8d8728cdd5dcefc9c8db5eebe86c5a8e8561268dfbdeef31c2bdd77477254a92acdf7ae2efbe05df7c1b37ba1583a312adac6e93ab36c66d22b0935525df7dfbfd47b1d2b7fe7ca2ba8d4173a4694a0ebbdd1fd0d4ef3d9074e15c8779ec91397c47f0e1d4d37a53ddbdd0705acf72bf029cdcb9b6d46d6fea883d5d47173b244e1bda5155a9a4e13ac26e86aecd56e5a7734615f115494f567b60a54469b8cb7a9a647d49eaea6a38f7e9c0e1bfb896eddf417c1d57275a51a3e17c6fc5f2a1bf566e3cd0f87f19ef7ca37cdcaf68a295aa6aa99f6584a574fa129e9ea6ed8e8cd4ff00c04faef24b8def16c7be0a2fe8282ea6a6cd4dcd479aa232d6d4dae76a1f6983f25464dc9ed8462aa29c351b4e541e9ad47ddb8d45d7d7e67be4abe43f8bde83e84e34be3f42509d68f9aa14929ed4bab270d58d61234a1a2b6ed97527a8e1b6aafb850d4dfddfe92bcd3a5487c6837285a86a3db9c6868aa3ee3a9afc78a425383f8b05443d3d78b6abbb834da834a0a829f44ea4a14bcf71bb6f71c36b42f83069a75ab3e37c37f1bfd0a0f2ddb85ad4744a86c9eebf0e2caaad3ea6870ff0d335614e66ea55aaa6a8c8e96945a856ac927a6f63b79a2b28bdaa34429ae84dc34dd66882d7836e16a1ad559d89d61dc9aa342869c1a4a5527a9252e6d4e86f4a9ff6061e9f3ceea6cc7dbf4f5f872a0e54745d44f6f0ec565a724bb61beb62ecc999332664cc999332664cc999332664cc999332664ca559765d9765d9765d9765e5f21a74ea512a2ecef23ce3fa5d09cb576a51c7ccd673aa839f4343636d6fea6ac9ead6aa9b3b61e9fa271ddb64fa9dfbd2e439dffdc69b272ea91a6e5cba9abb9d85a7fb6961feab6a743637514fe24554f16078b01cfe245d3b2be62841566ffd146bbf5a7af6ee8e3ff1fa48eefdaa83d3e8c8c3a45d47395df6c3d0b972e5cb972e5cb972e5cb972e5cb8d4d2655d2d4a0a31548ae686dd8be879d48edeea8f41a4946b72cb7daa5ff54fd07e8bb3fc1fe3b79b243d595e66e768dbb6853a74fd4c3d3e68fd07e9d9fe0ff1d88daaf2e0a6cda92a73d4dd4fa23e34b51eef221a71ff0027c584b0232fd4c3d3e68fd07e9d9fe0ff001dba4ba45548edbdcd18fed895fd90ff009273593ebe488692f3dd228bf6fea6148b7c18330660cc198330660cc198330660cc198330660cc198330660cc198330660cc1983307faa6e6e8a8370755d959ba2a1583aaa76a9d3bd4a1cf429228ac3a2a54dba793fd13d449b9eea1a539a9737445ed9f7d71c9ba35dd4ab1ce55df4aa34a6af3bf6c69e5fa2df27c21a8cb8b9194657f322f756a5f844764aaa44b6cabb6e6ddddfa56835f21dafafdca439655fe89a8ce93de6956559f53468eb48f269adddd70db235b9e366d89a2be2c62e2baf6c3d3f45dca7a31eda5696fa90ddc4fc885bbb7e49c7ab469c64f9a9a8e4ef616ad56ca7c8e9355384cf25fac853cbf44e9d7f8443d3e5558d3dcdce94ad38ed51577f728bb1aeed57d4a3a7f81c6a9d3cbb1c5dd76be52a2ab6cdf554ad17d7f21cfa212f31c5dd7646555de14637fd0c3d3e55abffd6cad137f138a9a526a954ebfe06a5283f2db1b10f53e1b8476374a504f7454a4df3255213e39bd17072a1cc6eba89fd4d6f47d9ada8a29d1a4be9c1bda4a5192e575251d91a56d4b928ab1b2308d15eaae6bed4a9b13a33420e9de9356366ed3d96dbb7923b629d64d55ae8270daf4fe8b944e097e22e510d96871a87c68c1567274fa234f55c17354d798d3a24e69707c35a71d8a54a50d5847c48cff00d11d487851e27fe0d196d5ca949a451c236765620f7c2329f3592a9170eab9a2fbd5f872a76ad4fdafef477d6c5d9765d9765d9765d9765d9765d9765d9765d9765d9765d9765d97670d9d4bb3a9d4bb3a9767156ff2dd3aaa1b3a56a428f0b0d28c235bd15c528dd168297f525c9b691947ca48526a3c74a702970a8a892ec73eaca374fab27287317e7d44a8a29748a2ae3072f3a0dbe5b15630952ce489bad5cd51918f48d8aed86efeaa7225e4ea6da452fa2b8a51ba2493e277294528be9214b854b2561c559ba95db0dffd541ea2c992827dd95c8538d962b18c22dde88dad466bfb91597de86a4b56894712b05496fe7d0fb4284384bdc83969d56fe11a8e9dd82aed34f51436d67468d7d35a74d8abbabdb0f4fd3ed8cb6cff00e4d4dddd7fd5e4439e9911e77f391392bd884ddf68b7df71ab076487f324e5d150d46df4e10daeb7a9b78a56a6feb62364a36489cb8acefdb0f42e5cb972e5cb972e5cb972e5cb972e5cb972fd9ca5b95896fef295c5dd5b57ed36456d88d3ef458a4a945c504a2b6aad4744949ddfcf21e9fc6a1e9f2faa5c238ecef2a15a7077554a49519ea395385d45ddddf43c2ee5795e428ca0e95129e928aa3e3cca4555fd0aca0d23753bbe7d945cb28fa1a7b6359b932b38348d4fc3ddf5f23c36527169fd7f490db1af060cc198330660cc198330660cc198330660cc59898b30660cc198330662cc598b31662cc198b31662cc598330660cc598330662cc598b30660cc5fdcd92c7515096a6aaebb1139bc34f95ff00a3520f35df42d0965aaaa4e569cfba8d292cb064b4e17d0ff669e8f5ca443d4a57f711e5dc75fee1ce19ca5b6a2e6aa4e8d3ea6b7d9bf6cadea7e2ae755ed35b51fece23d90dbc3949f22556d4b8699f6b8ae83d59c9fc3d31ce577f90b539dce542ad2f73e1d3bd72a92f7352534decfd88a68c5d3fbba1b69cdc9ee877975ad8c4f89d7cbb634f2f91b949d228a465c119465c374e49527cc6e5e845c25552e096d9d5c6e24e7df6ac34feec3e8886979119791f13d84fa244beabfd8a77f31cfcd9a72d34f8c8f8bcd2a29bb2639bb723d3d455d37e5d0df0df3974a9bfad6a56c8d38ff4dc9ef4fe27ed168ea45b55e86f86f9cfa57a1aca594c8e9d75525e4ae7e13935fddf910d37352ef55d0d65170e5714b9f12bf88a3b68694ab0afeedc6a4f4f5941eef73522a496e8d371aabe227dc35137cb685ab2d4a6d58938ee517bb773db1f4f91bd94faa3bbc3a74f321f13baf7591353a28f47e64a3fd48d352bee355b6b9b10d5af7283f95d657fb90f4f91f1f3787a7f1a87a7f105ba2d57ccdca12a158424d7d0e78376d7b7cc5dd7cdbea78723c2976c7736b832664cc999333666cc999332664cc999332664cc999332664cc999332664cc999b32664cc999332664cc999332664cc9993326577332664cc999332664cc9948fc863127b95363eefa118c66e1a9156f317e26ca4ee563e5ee69c658cdb47d9e3e5225b7527bab620f73aeef3ed8fa7c9556c3709d61e5e443a718799dc6a2ebc9c11d3fd94b10dbd5f26aca3734e4eefe44dc7aaa0e9cd55393851aff00550f87fb6b51b54e55050e91e48569dcb0d38c79fa0b4ff6ae7b63e85cb972e5cb97ecb97fbf7fd227729a692dd71371efaea5651dcc6db2b4efd29536c96e49d51272e54ae85d12f96c3d3f8d43d3f8d4291af062cc598b31662cc598b31662cc598b31662cc598b31662cc598b31662cc598b31662cc598b31662cc598b31662cc598b31662cc598b31662cc598b31662cc598b2cfe48f526a52e694893756b4e24a5a3b938f99a5357976c69e5f28df395112ef7763d48a8baa9751ca32aa571b6e891149f0fa9584abcd0694fbcba0d74f926e8eb28f9a66ac2b48cfa9abb64a736ac8d25be3171bd7b63e9f28e28e24e3a494a3e469c785c73426a5fb9f04e0b234e0df34292eb235351e341fc9aab87f7214f2f9435e77fc8a7caa3e9fc6a3e9fc4fbb16e97289559b52ab36d1eef21d13e2fdb1df5ad0c999332664cc999332664cc999332664cc999332664cc999332664cc999332664cc999332664cc999332664cc999332664cc999332664cc9993172f932664cc99933265d9763a5be41a6d2cdd65e86d35a715cd910d4577ff24dc1732cfb63e9f2a5bac55c94a15b92e56ca704d7d089a907648d18ab3b9370befa09f9a1fc81578a2a705691ad295367d6a4570f6baaa93ebbef5ed8fa765cb972ff0025ab49af21c34e9b2bee3d91db5ea536d6b72ab81d125295d91ac6b28d98d4d6e4dd4a8fe4f0f4fe350f4fe350e1d8c598b31662cc598b31662cc598b3165998b2ccb32ccb32ccb32ccb32ccb32ccb32ccb32ccb32ccc5966599665996662cb32ccb32ccb32ccb32ccc596662cb32cfe46a2350dfbbebd4fff000adfaf6c69e5f2a51477655761a52ef2e83954a0e92ef46e88d65472b21b9ba24e8507f22acad6377c48c9792357858a57ed8fa7cabb8f9139a51d4af4252d48a5c7b93faa157a33566f16b83466ac9724f65f7d44bc90fe4f1f4f95d5ddfcbe1e9fc6a3e9fc4e91551b49f055c5a3751d3cc4e9c3ed8ee6d7066ccd99b33666ccd99b33666ccd99b33666ccd99b33666ccd99b33666ccd99b33666ccd99b33666ccd99b33666ccd99b33666ccd99b33666ccd99b33664ccd99b33664ccd99b336775b6ff5d170b9f87694bbc3d2ebb5346a697f444d0ed8fa7cb52d2924fc896d694ea2db7688279f53746ee57253ebb6a694a57a9ab5fdb6fd7ee57251ba90b53aa54353fbee28ed8b4bcd76c7d3b6e5fb6ff25b95dab7a1b9c77337b55f2388d1f99b24b72b8dbb3e28476f0a23505b6b7f9343d3f8d43d3f8d4289be0c598b31662cc598b31662cc598b31662cc598b31662cc598b31662cc598b31662cc596662cc598b31662cc598b31662cc598b31662cc598b31662cc598b31662cc598b31662cc598b31662ff5719eb6eef5944d269d61327251ee2646916aaabc892ea38373dfe6bb634f2f97de825075a8da9576dceecf92886e32ad2e53777e95a09b96ddd61c47faad2a4d4650e393ecfa7175507cb35e7f114b7d91a316f6f72ec4fc992d48eac76be7b63e9f2ffc3b9a6d24b57c89ee8a8b90d4d251a5c46a6eeaf83e2feca1a7b7a5fe84a83fd654acbeec3d3e5e9ae9f2b87a7f1a87a7f14aa836bb5d163cbed8ef6d3a19332664cc999332664cc999332664cc999332664cc999332664cc999332664cc999332664cc999332664cc999332664cc999332664cc999332664cc999332664cbb32664cc999332664cc98e96fd6697e26ce4d5d4ba5f5a54d25c52578a7535d4234a429ebdb1f4f97f7bcb821f168e3e66a6f6be941d5a7c6284993ddd2c7c2fd94b1a54eaf92490ff591d37688e9469dd32338c22a9d113fefbf6c3d0b972e5cb972e5cb972e5cbf6dcb97ecb97fb972e5cb972e5cb972e5fb2e5cbfdfb949d1a6254ee47a1b60b6a772b18525ea6ead86a2b6d796576f7e94a894d6edb61b6fe470f4fe350f4fe350a26f831662cc598b31662cc598b31662cc598b31662cc5966599665998b31662cb32ccb32ccb32ccb32ccb32ccc5966599665998b2ccb32ccb32ccc598b31662cc598b31662cc598b31662ff005e92ea6c94a5bfcfa76c69e5f304a0eb524e32ddb6e713e4490dc655a5ca6eefd2b41394b6d6c38f51feba32f263d48eac76be7b63e9f2ff00c3b9a6d24b53c89ee8a8390d4e2946974235377567c5fd9434b6f4b92a0fe450f4f97a6ae8afcaa1e9fc6a1e9fc4ebb254f4ecdb1556feec37369d0cd99b33666ccd99b33666ccd99b33666ccd99b33666ccd99b33666ccd99b33666ccd99b33666ccd99b33666ccd99b33666ccd99b33666ccd99b33666ccd99b33666ccd95deccd99b33666ccd99b336775b7fa9d0fc5a5218f99f68d471a34cfb335fb9726ab8c5a707e7737d3f0766eed87a7ccbf09aa53121b29fdd5272e9117a1a54fdd735651bd48cbfb6a6e774ff55a6ffe9ae09bdaa93ba212a2ee5871a4556f4ea2d3af2dfb2ed87a172e5cb972e5cb972e5cb972e5cb972e5cb972e5cb972e5cbf65cbf65fb2e5cb972e5cb972e5cb972e5cb9ba096f6731ac86d4ae222a4aae3627bf95213e8b8a1b60a8be430f4fe350f4fe350a26f830660cc598b31662cc598b31662cc598b31662cc598b31662cc598b31662cc598b31662cc598b31662cc598b31662cc598b31662cc598b31662cc598b31662cc598b31662cc598b31662cc598b3167317faa6e4e908dcae9397a3157aaa919f495bb634f2f9977a54909ca5b6b63675295a89b95375896e7451124efcd4dca5542afeab534a4e9becc52dd09bf2b90a283e3c88710ddd553b61e9f32a6b25b69911ee2715666a77a95ea2e7a1a2e3cd2e6aa85ea461d76d0db2e1b7f2187a162dd962dd962c58b162c58b162c58b162c58b16fb962df76c5bb6c58b7658b162c5bb2c58b09745f2887a7f1a87a7f14e553ef42b26b83c46788788cf119e233c43c43c43c43c467887887887887887887887886666666678878878878866666666788788788cf10ccccccccccccf10f10ccccf119e233c46788cf119e233c46788cf119e233c46788cf119e233c4657e23fd447b8e7dcb1a2dc68a7c35527bb2dfb626a7e1ec7155cbb61e9f347ca52e8d9f894ad382b3c9489384a2e236fa222dff550d58bb2b1a7a7d1a24bf4ea544fe8c7a945caa508c68a2a3caa116e8b693ee4539aa37db0f42e5cb97fbb72e5cb972e5cb972e5fefdcb972ff72e5fb6fd972ff7efd972e5ca6a7b8b72eeae2828c552286b4e34a95b9150e127525b551caec4dc7bf1ea3e7f5d0f4fe34be9fc63a7f9294b7d4b1fff007f2ba7bf674f7fcbb1628ff26c714f738473f9352cbffd162aff00278f4e45fdd65d4e9eb5e07556fc973fdab82dfeec5bfd9639fcd4df422e5945d4970fbf7217ee5bebf93cd86dd68fa1ba9cbe28287344eb51bf3fc9ea42fdcb7d49dff12e2a592a7e4a5cf1fe849d7875af99be9dea508c6365f93e7e5c13bfe25fe846fdcb12f39f2ff279f3ad2873597fe8f87cedf31ca8ead53f264bab26a8ff0012ff00423c3ee58970fbf72295a3c767872f63c397b1e1cbd8f0e5ec7872f63c397b1e1cbd8f0e5ec7872f63c397b1e1cbd8f0e5ec7872f63c397b1e1cbd8f0e5ec7872f63097b184bd8c25ec612f63097b1e1cbd8f0e5ec7872f63c397b1e1cbd8f0e5ec7872f63c397b1e1cbd8f0e5ec78723c391e1cbd8f0e5ec7872f63c397b1e1c8f0e478723c391e1c8f0e478723c391e1c8f0e478723c391e1cbd8f0e47872f63c397b1e1cbd8f0e5ec78723c391e1cbd8f0e5ec7872f63c397b1e1cbd8f0e5ec7872f63c397b1e1cbd8f0e5ec7872f63c397b184bd8f0e5ec7872f63c397b1e1cbd8f0e5ec7872f63c397b1e1cbd8f0e5ec7872f63c397b1e1cbd8f0e5ec7872f63c397b1e1cbd8f0e5ec7872f63c397b766fa546f5a2a3f54cdb0d44d927b95217fa0bf1173636cf55266e9cd24cf88a6b6798e4bcaa435355a86f1b84d34ae2f832537ba8ca6a6a24cdf29a51f32ba73521bd29c6534edd9b3e2aa949cd262729a49d8ddf1550dd1754ff82f7f4dce2ef435e1a5b9e97eda9a11fb3e938ce2f9743ed7a2e2f76a3eef0477c71d046a43ed3a4dea397956a68ea730d2dbfd35a1adaaf74e0eeb68e96da7d8535c6f753edd0d28d384682d2d26a516abc1adf15b5badddad4d07ded89f3c58d79e94e4e4e14c68474a3a2d6aaa578357434ebf1140d3d27a0f7afed35bff0091a6e5bf1743ecd19c5d1ea5be86bf738dbc0bd5ff00d9efffc4002b10000201030303040203010101000000000001112131614151f11030712040508191a160b1c1d1f0e1ffda0008010100013f21fe5cefdc57f9d5df280e7356da759fe8f22668aa099fd62155d2f33c218d6756a3751f8fd7a99142e823d11609bdca13490aaeb62836f6232ee78703a8d69f457eda00a572777e86cda9617ae3b0c93a8817abf0f7eb359284d46a3f3d1de2d42d18051d5c5fa1882d0d361a871d1e16a5244a39921d247b5d34a7e8d30d2a3bdfd01d936e7e828ea207ac92ee1faf166262347a50c5b4c93ca69b6281aaa8bf03536a83a6f44f60f3f12c5999121aac7f81653c293740eca15aced87d938a4fbff71458684e9dba062945ba19ad490f050a31ac0ea69eb07499a8b419787550a0acebc9257ce9724bfb4b44242a6892edca98b6908ef456dc4068bb4828bf0ea0a375c53038c5a4d4cb2636f740dfeb2e203a6932d46eaf8f6283ef19f1857f90d508487499482e2e8afcf5956d920aa7de944c22b458a13ce03432ea6b81d3fad3b0e8e45530234d1fed496013e3ef255155d27ab35fe7d255a92e61452d273024d2d4125d893f221f58329fb21552aac9a8b55a12811af90212a5452f82551116958f2fc974dac5d0eddaca4539f79337914e417cc2a31cae1cb44f2c7ed32b369a86bba3deef3adab6dfa6b273c659b189d253626314c84aa67d99dc454b127af790d64bad86b74b3992928353057541cc0da7dadc32596823bd18d725296cc9658fd1c12ab1163018a72d45b0df88781214ef627c6424a9485645035cdc42b7620c31addac8f16089526d23cb6a4a86bfea423b491849234efe4c55c9b5384ea37b5541ba279192506e6ce97c886f9f9e761957ab4681aa02e95f4b214e5e62e6b7094d8450dab40ef06698fecc66a35e7b8c0d1e9c377cfb606bdfc2adf41dd435ec141ba0688d476a1a256379fc624e2fb722e89691305ae97d181b84b6f91ccf4c12e4659dc1d9bb587591fbc4a434c85444c610a128b6090cb498daeed3ca6cc626dfab302e7619bd581b6b155631c435f978f631f2cfbd1e0b6779717e834ab1d36b13362814d756a1a275552a6ad8d074e9561d3a96d0555fd12d32577b5305aeec342ac23db8eeb481d169cd124708f0156d651aab27dc2aa24e070e635e426681e716c2ba0d88784701bbd7494d4bf404305af1c14b6356e084a204e5022d548342273eeb91a0075da2b6e79dbad45f55843bde2407bbb4215d58f00489fee88dbcd6876fc669fe875555aa43f8a8ecce0c57e468c869a223e66abc82a6f7d4d531a68d2bf2312b734ba215e729d049d9b3593f052fb437b8a72c341a5a15347584bb443c0fecd3b22b7f6608cfd2d561c65c5b193a5480976a680262d2c91aa5a07bf3519809b842f513330aa8523aa4cea42e9fb527936951fd8f2b5c05b68581544d66a294dd9c87df3cf22d696d61369ae4e0bad5e2f9d296104f9cd5d7508bfbd7a94b7bccb5086c15be1da6afece5b50db8f3fcdd55d77187e30aacd87470e8fb7b76d363d6cc098acd43d85d69a1b7665f4c759488fd93f7777666554444446089df4386feaceefddcdcd8ed6fdc575db66c97143e34e8bff6ea543ee5dadbb5a0ff003b40d7a75bc4409f25ec4eb6f64000008ecb0cbdcdca216d99cb04cf132ec50c0cc6a65916995981325db2f10d13815bdaabaf437aec94d4724994551455b35ea8984daba466aadf4db0429625137126d271181efa9fb79765b76e350b08d843afcb34e520868d6eb5231886298a6298a6218a6298a62188601886218862749411929e4556627f405e972e5ca5e25bac4aba22434f534c58091999aee6874c8584c2b7b5575ebfa5df33fa67db2ff6222e894323f59783722a32dfaab46ca8ee89df3787636f63316244891224481122448908b1122448ec448112244891230448fb6575e9ff00d174b9e67f5fa7ef11370488454b917359410d72dee3b8a515f5735432d14d6a3dac9fd7636fe02aaebd3ffa6e974ff57a2729d846fe7e45e28dcdd1a7fe9278b2dfd8d75151e43bd45b12ef00ed77f6ec6dec598a369c19c09c19c09c19c19c49c0f49e04e0ce24e14e34e34e34e24e34e24e14e24e37a6f1270a71bed95fd0afbbd17f63555d1fd5de91fb16dd68f2e1f816ab5d49e48692882d5082f55a5e38ff00771d9dbb2b6c2dec5676bad517d9e5ff00b8a54d59b665f24f8890c89b93eb2fa36193d740190c9e88b37a4098d844fa215540f9453e2c497c21a260896c6d9c822a3a67bb50250345ac283a2e37f6c6bdbda6b7cfa3ff00892862d92df676ece20f2bc1178e6f3172b68829723f1c20314be48eeff1d6f1eca7ff00fea9bbad58559e0b4e8c4e8b2c436dc5d532902ea5286a452ab52341608f3147a91b95cf7722b3daabf7117d8ea2b74ff0537f176f6f62a6f64eaa5155515a1510fd00f83d184971517b557eebbbee6ded563b1a7beb6fe60c74dc369af5c2c83a387d7557715492d450372996cd33ca49b3706a0aa32f761f5422434811033efc7e83f5a425e8641b7682e8cc3e95e45a13aa22624be6d6e0e6ca68a0bed2f154623fc8bb9e8252f3c82235209b427a0d7da73bbd1c0ea5e546990c6b09b4b1ff00af07f81f44578a4ae2be9cce20c88f5e6a86a22a495bc52ba6524bda2969d09c3b29f6436bd5dffedb9ba54903a4bb55430b3f6e8ef746bf39fc29928c5e9294a14aada0a915722e51322853d0c2f110743967fe16f8dffe3b93666610e886d1fa548a9d2a619676b792538f57efc414dc49bb291bd15684fd54d47b3db9baa273eeff001551000515131864cdd2ad77667b37e911ebd2aeadf23b6d7ff9928698fe51254157e5b9aec4eb8a61582f438a055ee9cd5546204214705e06dd2c05121549ec68b8da62d68abf02281e9e1685448e9511499349ad0c7b77122c9aeb168bb544bd4d59ad86079a7b447926d9e974a43f38b47f6be232eb42a50f455842828f487d8488a779c4e244b31923590c3c09057bb4e44feae174d506a534123b092a24b6f5457e7cc4d8ec7ccc579ce0980e6ab443acc8b91a0f4f664ed8d4b85ebd1bbe00009f484f51371da88d30d4529fd2c983a1527f4358efab63246c7b552464d6c485b1278bd8abfb9dbb107b3020bcfbf319076f4b50a0e91634915135252514686e43194286db31d51a8e8101010101010101010101010101110101111101010dcacb7e795e2562b136c1c2910a72489465a16c9500886225ab2b5351363ac829bd67d8abf775ee6dec524b12240891224489021b1122408112244891224489122448912244891f62afdd7dcdbf806a78e3b8f61d12cbb8950955ba223a595a4a8b0d48f35af427b320d9236a158c4f41f5b60d2f57ee57dc015d1e9f82c8f787e423b8cd0677e1afaa8d82990a614b16572592d446eb8d51cec42a5da339b04ad791a74947b98785d5b7b1623136fa13778df4200712703d0781381381e9d9fed6b06633b99bb7999a123b8df5c3374451f44996b4ff0082d6b94dfd8ab749b79155967fd4a3a5676d8635a8fa351f6ddffcc4effe68a9467fd6ec7e9c98921b4a1b974b72533701d47786a1053e880ac58847b21dff0047d8eaeae5f47a24ea3dca4d0bc0af73d7bbd8b961d76f4d3e229d857856d1e02fc0f0e5a6a7db6fa56c694c3099955a2d5a0ea31a946914ded53722f777e1d66d8cdd2cc66e966337aeaab3198cc6632752cc6633198cc66e96433198cc64666333350a91da1f32570b6413495cf5ca83baa494b6269281dcda14548c94a03caf28b1d538b3a8eb50abacea6f9357bad07a1d437a51cd1b14662040fdad25fa0d7bff0055a8d6d7fc435735172dc9daede49bfaca5c9239e8bd49a7d9dcdba29f15ab446b3bc20ad142434aacfb31eb8d13562b622dbd1e0f1857082149bd535fe38ea20b19b267aede9fd2e922cb55feaf240c25ad8975355783c81cd1b8fb8af61b35aab93d456c5a4f522613555349e375b47c1aff00ff00ff00ff00ef9df70a19244e1a981a2e9a4d37191c0a93a84b6a8e144eb571e05a2cdeb9a461539b09775a963d1afb9dbbb38e6c23ac45d895f9e0e8788f17b4aaeaa55507c2784f0f45c37a947601ca90545e857f73b7bddd3e115fbafb9b7bddd3e135eebf668990d9b89b36f833ba9063c2365a33faf7a141fe88559a978e8faf497e367c33bbba8d55d5551111115555677755555555153558df61969fc0ea35addf457eebbf736f56cf4d463ce9421bff005a4531cadbcb9b8453fd8bd12499eec17fd29a35296bd4f1f0a80000008216c568ea23e18ee64e047e09e6054c5a89a5ba21b13c37c96b534b9128c49a5aab92be857eebee6dea8e09a81bbea45510d4e11a836a697e725c55128a5a91a0e9ab06fb39aa86f68961d5a4f621b0c0f4800436193a8990c86432190c9d04373219086e43721b90dc86e43721b90dc86e43721b90dc86e886e43721b8ba64346505829ff82a2ad3490850cb3323aa3323a6d202ae9dc088650d4511124ad921d87457eebf7aa61891224489123b1123d2810820448912244891d88ec4081022408102040810204087421d081023b10d88ec436e8245d15fbafb9b7bd5d3e135eebee3f62f4726a8ef7555551133333705d4138238e38f386e89c21c71c774ee13af6718718710718718719d338c38e384e9dc71c31c71c71c07a088a3ab525af75f736edb916305964655ce4a2cf96b59341567acbdb8c86432190c86432190c86432190c86432190c86432190c9d0c86432758c864f4c46432198cdd2c832f0d1132fac1b7d1342533b1440af5dec6de629942c57b1151eb85cb80ce3b2dee5f6f74b328396d996c39436ff14eb4e3aee247b9ff00e244876bff000ed6ee3d2fadf74c4dbe48969b932d05232389d10faf10d2149aaa78916750d21a952952fbc0fdccc97b88d7cfb669000aba80091227a091227a091224489122448913d048908758b213e9216535967dd7f127a2f84d7bafe26f45f09afc1a66d4a4c342759da227ef655c4c8f49b8608d5e9b759ac9b1f162abbbb9bbbbbbbaaa80aaaa31111130a31118aab2ad35534af58aeecdc27429c2d3f0128311f7f702d26591a27c6c2d007a51d31d5fa6791e479753cbb201e5ea04b7e896e4b7ea791e479753c897bf60033eb341695da154e77a05164a2fdca63d592bbe421359727948d607e811ddadb1fc00f16a24417d65151a9942b8b5645e0869feacd6a443744040404043721b90dc86e43721b90dc86e43721b90dc8ee43721b90dc86e43721b91dc86e47721b91dcf33ccf321b90dc8ee799e647723b90dc8ee43713b7486f4c069eb6587219aa922a1e4294892ac201482a1904bf7c215042a425b2139f871643122448912244891224489122448912244891224489122448112247ad44891224489122448f42244891922444a3db6dfc0555d7b9dbd8b21316c470a70870870070070070070071071071071471071471471471471471471471471471471c71c71c70c70dd2b8a38c38e38a38e38a38a38838a38a38a38638a38a38e38e38838a149fe071471434da1d1fb6dbb8d5ae377b2279c16760c9ee53ff8be37215f555555575f5d55d557bb8310a16b2511519df532c454d14c6a3449763514b54c0285dbf1fd96d0add32a531db2eaf7f8247b95264d57b4bcc890b4772ea9c7c56bff00ff00ff00ff00a3bac0af4d94452a0251afaa6ac4f31ac9f63c24a94996e551513c2083549f80445734dfc45189c3d2c4623176e80aab17aaabc261e860307a6af1984c66331f4307a80269df19bbd3c47ea34772172ba12ab77f939d3e135fe4e6fdb3792fb21a04af71614121da5098c9176506f56561f597f367c6c632366666622222400666666444444444444446660429514afd815474c54faab5d3b0fb9b76b514d16e22245795b987c3786d19f27f77abfc6e000000000006ae0ddb51b7434d283d231f429c1688394eb60896254fec6a4d079225ff0020ff00b7b4dbb518d34b4e8527b32e4a2200a56168bfa57e8d2a464327503210dfa0c86432190c8643210dc86e43723b90dc8ee43721b90dc86e43723b91dc8ee43723b91dc8ee43723b90dc8ee43721b90dc86e47723b91dc8055aca157f64c925cdc5265e884d8deeab291aaad856c2b6daa5889a756e8f2095716d287af61f736f63306244891224489123d62043a10204081021d08102043d00408902040810204081021d08742040810e84481020255ed36fe023af75f736f62f459b0e0ce0ce0ce0ce0ce0ce2ce00e30e3ce3ce30e34e3ce30e10e10e30e34e30e30e10e10e00e00e08e00e10e10e30e10e10e30e00e00e00e30e10e30e10e10e30e30e30e30e30e30e30e30e3ce34e34e2ce34e0c46d0d43f4bf6aeda59afd8d6f4feb73498cc232b74991b7b3421cac9e29eb3d3e3caaaffeafafbff577dfefff00ede94094b67f416c0a27cd091043692d54c40ad7988d6bc21753d84aa3c8581e7ba2af37a5fb4b8904dc916a07059482242d8a428d301ace7b8b22fd538e9b1f4589123f0f183f0c00034aec2b3d469a93aa136a7f13762e946a48ee969227457e61112357e64937af00a6ad35f2f4bee6ddb824baad49872fd2e592385184c2613198cc66231984c28c28c26131a31a30984c26331fa7ff001988c6633198cc66231a3198cc6613198cc66331a31a30984a753b0730eec9affb348c2ba14a34e96317a5dfb9b7f01557eebee6dfc6976ede7ba24445fa2a799278175c7a07c82bbbbbf7ff007373133fff00fd5955dd555c5d5d55fd545fff00bb6e1cfeb155ddd4871cc53d2fb9b76eb2a9d75b9467469d41baa2d2fb1a7b5912f7756ea89f74000000927a27b0027d6054a5a19e8c8e5cab752b90954a3cbb6f0aad4bc124756ad85b604b7d9e42ab007fb3d2fb9b76d7c29a514e10c5831a64ca752718ea8c86310c42222222222202223d1222223b91dc8888888ee444047723b91dc88888888888888888888888ee44444447723b91dc8ee47723b910b40a14bd06ab44d775c96df03b97a4a89118a92c3caf2c9268d379175d965a48c4966afcfb1dbd8ac86040890204489122448902244891224489122448912044891224489122448912240891224489122448912044891224087a9dff00868abf75fbd6424d691c21c21c01c09c41c41c41c41c41c41c41c41c41c41c41c71c31c51c51c61c01c41c51c31c11c11c51c11c51c11c51c51c01c71c51c31c71c01c51c51c51c51c51c41c41c41c41c41c41c41c41c41c41c41c48d34e1a87b7a5fb97df4d086da7ea963f926c7fff00dfff007fff00c3ff00d3ff00ff00d734a89296d907fa741641922823389aa9882f74c415268a0c6d8450e9629b969483cf97d2efdcdbbbe74845dd74dd757ec2010ed0021d90087443d210204087a8102043a1a57082aadcad76eaa4ba8025373c911a2a9c29821db6d1115b56649ee36b01e561fb5e9777dcdbd8ad91c26131980c46231188c26130a30a30a30230a30980c66331988c66131988c6633198cc2613198cc26331988c6623098cc66331988c46ef421ceaedd49ef528469b18492e508d36219c98fd4eefb9b7bd5d3b9a7b857eebbf736f7aba7b8dfb8afdd77ee6dda9e3cd141734490d3669dd7cb51a19999f57773333333777777266677336326667766665776b06c02ec28848c4ae539acd97577ee6dda479d0ecb455b14496c626bfe721ff00a4dedd5fdfc00000003cbd980000ea46f42a3556e0442e25b8d8a549f9366508108a7b091da53fb87f99a54979eafb9b7691389804d9fc0954aa596356b6e81152db752151e8483108ec21b086c21b086c21b086c21b3a08086c202020202021d404043a06010d843744040437443610dd10d8406010d86010101010101010101010d84220a0f0264e21de48e032965e1096823acee4b653f2d265b528be812f59deec4aa873d5dfb9b7b2ac0891204081122448912304489122448112244891224089122448912244891224489122448912244891224489022448912043d077ee6def574f84575dd7dcdbd8bb166d4702702706716706706706706706704716716715d2f8338b38a38b38a38a38338b38f38a38f38e38f38c38a38e38a38e38e38e38e38e38a38f38b38b38a38a38aea45c11c11c19c19c1f43e2ce0fa99f17d2d0ca8bc7577ee6ddb5d1f65ca4caa4b376903df79afa7594dd4f9fb1ff00fe733fbafd5f7fd5dd77f3faf5ff003fa5fe8a96a948d002cb51608ea6dc022ddacc97a58d93511243017d29a3ec5d25babbbee6ddba37ea8398144454ccec64294e9d8f56f4c2810f8c41e7bb73e64ae41280c8a6955d8a8067848b41e9ea16aaa701357c2d650d1b4bf7896aab034a75777dcdbd8b944bac4c1d46c7d76c631bbd96c800924b198cc7d56c6633198faed8cc7e84861f52492c3d52c2181b928a51fe98c97422b0ac9418492f51f7aeaf5fe023bf715d775ddff015dfb8aceebbbee6ddb650fd70fd4ea7bd0d97d79b8633ff00067fe0cffc19fd3b3ccbfc19665996649926519665996659946799e6799bf8324c9e9f3ccbe8d966799e67f5e724cb328cb32fb2cccccdc90faceeee066191f43757dcdbb703741a1c094ce3a9c3f2351580d29c7ae7f6bab027bfc9ff00ff00ff00ff00ff00ff00f419124699868ca7868250850ee95d22baa561e9d9b889c0a19c050c4af3eca4346d1bf736ed49917c0568df0702b8e21f1180fcdb15d535423b08ec23b08ec3311dc8ee88ee88ec23b08ec222223b08ec2222222223ba23ba23ba23ba21b9988ec22222223b91dc8ee4767e48ec23b91dc8ec23b9111d86623b91dc8ee47723b9111dd11d84761112da145ea1b94682b1669a96a6e576b4b6d9b6910d0ba4f7e0de5f8215e44290a91a4beebd3d8af70800b081021d102043d210ebc48fa347d1e247d310ea408742aba90ed001f736f630922211f216eedfddccba794151c12d11bb65b989f954f3b18163778dfb294a252f239136a4e5d3527944ff007f83e96f081a6cd350d5d765a6e97e6de4c6fcaaf8dcc6fcdbcec3b129fd6ebb2a9d158d6d25c8e6cf1e4657e9d6f162128ad9aaa7d987ed5d6ae2f43ea2f5f2aec57887e6fe3722453cd579ecdb2af0944b25d33a8abe8fa383f61990ea535eccb12a267e706052f47e5b15a21f857c6e45147e6de7618c6c9a394fbab0e55508aa26ea664c61a7129240dabec463f60929c66994d09aab506d1060b98564a5b129ec5ca4a1b5526ad10bfd1baca31ff4369423116d5a1acf659a15114ffc636a0a08d436ca2b9ee5690332156eb7ece4c9348ec9c9458ffd1f6496c1979f911ba99160ecd4aa492e2bfe095399b47e852585a15bc91c8a5e9e7b2cf4d3d36a9a290542e273f244fb9faf81759820debf05294a5284a5694a5214a52b5ad6b4a52900000001c41c67a618c2b85385385385385385385385385385385385e8ae17d38c021c61c47c100000001294a5295a1295ad6b0a52b4a5294252935a934c1095ed40d18cbe8d5d10e12ae58b4de6c61138af634f71a60d71ae6a815ac885e0be1f5b12ab1495f69cf258438202bc09d4a46493a52486b0c576d68cb976db95f4f70d8bc9d935fc1595d064d1923fe79fc1099374908af9dd17494fa9f9a34ce1c95b0b68d4f8353b9233f432616aa17d15d7a0464bf9234bf64fd7a5303abd78624b3bce55fd07cc21a363544f2467ea182f4de4f2de461e6d69b1502173d042234e1142692fff004ff82c110781077524564aaeaa44dcf0a1047654e886c8aaeba1283c7f44109985243623efa1216dfc13ffda000c03010002000300000010f3873cf38b34f2010837003c80091c628f3891cf3028ec94b1cb08430b10d2c034f385439532cf8f37cf9ffce7bdbedfddf1d72db5d77ff04136bcf37f3ccf7c0d2c03403c464e00d20d2844187905cb0cb9c61c7b6f2f8c30a06ae90c31c318420b0042c01c80060011ce3c91053ced78d78cbdf7ac35f73db7d67e39ece0cf3c62c010b0042ca00720038914938b1890ce3c314b3800cb0c030c3433cc04020624d73104010b08d0072063872fff00ff00eb2ff8d780bccd1a3004024c38300c24534b1c32b6f7f0401010052001870c97fabfebe2b3a917a85034f023093040c43c610830a038220fdf20010b3800c13813770843cd1862c324328f34a00f2c43431891cd38228d74eb13fcf00a14000800d24a5ebcf18f38e3cf416bce2f0c3020c320c24304634724d3ad58e3c60000422cd18f14675045965379c6d64500430c31c114d0030021c02822cd10804638b0871ce10400a31765647e4df79040b4f3c3d3c530c28328b1c304e28418b20108a24124b288307073cd3cd34f3cd3cf3dab76c9ac2c62c630b14d28d14924a2ca1443873c728a3812082c5900b659eab4cb255fbf3f78a2e030808b00304e10808710d14734b38600038802b2802471803014552188430601b0b7e9141413482000c32830c42823c208724910e7acb6db2dbeeb2cb2ebadb2cf3def3ca1ce43c40850870c910a3813c5345202285043d9c4f4eb9df8d7febcc30c1047cfcfc943842cf08b14a18a14d10028614c20204e81c7514de61145471075e71c51c51d1aa4610c000b10e24934438204d2831c204f0157bddbbf7ff3ff00ff00efdef7ff007f944ff2aa98f28b1c23403c72882851cd20a283103db0d7cefac3fe31ff009fbadfdef5f74ee0d3fa8b14b2c704028314518a1402c81068cff9f7d66103cc3ce3bb490614bfb481e5cc12d4234500014d34414828d10d04e2c2a1959b4d97d045769f5d77df7ff4d377fe997cc3cd14a1491c528e00b28514728401b59169f5dc45675d7dc75d7df7dd7df738d0ce1f1043c708f1ca28034a14500e3cb3ac82cd3c30cbacbeea2cd2c92cf3ce320a00b17c708f3ca30f28a00528514514a3ca65465a55e4137d15db59041045b4d3fe347f2853c824f24b3ca28014a1451442c062b928b299a782f8e28218278ad8e28af8986a29cf28b3c63cf28a0052851451c7313cf0821cf3c32c62830ce38a3861c350372d662d3003cf28f3ca28014910510a28e25d18b34414214b38b38f3cf3cb1cf147a202c20c504e1413c528a00f1403ca0800ecb34b38838c2892c804a3cf3cf3cf2c82f106baaa050051451483c038500a28324441e7dc79d7de75f79d61441365871c6575954d08af1c000a14f14528a38a00a0470a0eb7d7be73fb8cf6e3df30c31dfcf3ccbff1b39dcda1ca0cb2841c70482c03cc08f5facdb4d04d84114d3430d524104304304145cc8ccc0e14514828a14514500e08125caaa82ea20b6fb6faa1824a249608e682fbdd5a333524828e14500028a18234b107d595156f6ede673dd075b4d34db5b4f115bed72de268a1c42863850c52c1240300ba0fb892082d8a0870828a2c924b24931ba05f0a5d88930628524818e1cf18628d1400eba62a69be2b62825befb6fbabba8821be48e8ce5f861081060c90cf10b04d1092dbdfb9fbff00fdff00aefb6fbe38ff00eeff00eb8eb3ab7485f72421c520e08d30834a08a1c7dd251a5986144d015051340b0d34105915dc6a453e6480cd2050451861063ce10b24a08408b04330f0c030e2cf3cb08430108c30b0e6a6810338300b3c920014c24c18ae30c3bddfebdcfc92ff00fef7ff00f6f3fb204904297810a91073061ce2000802451c10d2f0c3ce31a12f71b5b3ce72c308317c4cf381484fc328b0061cf10204900020d3ccd8814c30630d10f2e218f3ac7186811ce6253811dc2b708714e04000f10b0053cd19cb2ca2cb2cb2cb2cb2ca2cb2cb2cb24b2492d743fbda051cf24800520210b10410f8e4b0dbed867b0fb298258e3ae792cb2fb2c8fcdd7deb34e0c80072813c210a00037e30c21210010d44f28b073c4319d7cb0cf2021225c854418000720b1c42c028d284e7fbef8e3c33de8928decefdbebee38e3dff00bfafbeff00cf900072003480042c21091cc923660c9c80df2cee3ce7bfbbabbf4f2f9f08d3932a280462011ca0420843c214210000d18310308c2073431cf2c710330c24a0cc2ce20e38e0013c330d3ca0c734d08630f3c73cb1cf3cf3c30c30c30c33cf3cf2c73cf0cb1cf0cf3c30c73c11042cd08818a0462000000000000000000000000000000000000000000000000003ffc40023110003010001040203010100000000000000116101211040517120313041507081ffda0008010301013f10fe768ccd18c6318c6318c6318c6318c6318c6318c6318c6318c63fc0bf0217c10842ea85d10842eabe2bb9e4e7e3cf5e4e7fb0b74dd67de7e6dee702e5cb972e5cb97366f3a7d3759aa605f51f4726761ccfece3091f73b6622023339a7b8bbb9bba73fd9b9f22ccfcf9cee1ba8cd18fc68b4fc8f30b162c58a142858b162858b7619f662f37a78ceefe58659f43d0f43d3e1fd0e6fa1335c1c73884f065c7067d6761870399e74dce5f9562440810204081013c10207335f448df17f032cb3de7bcf79ef3de7bcf79ef3de7bcf79ec3d87b8f6197d7bdcb12244891224487f04897431c633598966706fa32b3bf42fc285fc0dd98408102040810204481020408102048cf092334c79848d5df6fc67640000000066188d0cd67e86f06b8f77f7fcb63cf23cf3dbeb7389429d0a142850a142850a142850a742861199f4666bee68cce235f66f6d9e176600000000198cfae89d1bc98badf6dbb99f7d2a1429d2a0a2fc2a517e1458a14285ba5613b5e610842108421742108421084231cf2674a4047119da6e345145145145145145145145145145f841e4edacf2f7b5fff00ff00ff00ff00f910e940969a78fb3c8b0c30c30c30c30c30c30c30c30c30c6b9b9a2e7751bfa8dcc661eb0c2c7f290bb5e58f43d4f53d0f43d0f43d06f07a1ea7a1e87a1ea7a1e87a1ea7a0fe0e7486e382248dbc7d9ee8c1861861861861861861861861861863379a3b66ed60ff5a6932b176ebe4be08421085dd6d8d85cb972e5cb972e5cb972e5cb972e5cb972e5ccf28f8726ee1efe825c0d0db71bec964279282792850a1413c89e4a09e44f22792827913c89e44f227913c94287b1ec2f9277b3cd73a5ca172850a142e58a172e58a162e5cb972e50b15282f92c58cc7edd8e3ebd10ba2e884217c97c974c3918efa32f040ce66f3b1dc69020408122048912244081020408122040810244ba1c8c81c8ccce6bcec72c3e9fbfe1ff00bcf7f5ff0079ef3de7bcf79ef3dff0ff00dff2ff00b88e4468acec72d7a1861861861861861861861861861861ba14163465674c2fe59745d8f384891224489122448912244891224489122448912337c68fd287e34445adec7557700000000000062c39f34cccc2dd9bfdedb80b162c58b162c58b162c58b162c58b162c58b162c58ccde4de1c0ff8032439bbd8664828a28a28a28a28a28a28a28a28a28a28a298b189f5a700de4fbf60de3ef4582c160b0582c160b0582c160b0582c160b0582c160b0582c160b3a487a8f5093b0c328421084210baa10ba2108421084230f37c88856c3cc232bb0c3869224489122448912244891224489102040912244891021d41735aec3102c58b162c58b162c58b162c58b162c5cb962c58b162c57e0efed7f9f2c378186186f03781bc0de06f030de06f030c30c30c30de07f0378186f031be058b51bc1a707d43e9f9d08421608421608582108421084210842c10842c10bfc43fffc4002411000202020202030100030000000000000011016121514071103120304150607081ffda0008010201013f10fe740bc2178421084217c1085f35e50be285e10be87fddc7db8fe94119993d04fdd04ac94fd0aaac438813442f6644a1e8388982781f9e20d3bfe8efe9f6cb3fa40001338298123230898883a112f48e04d07131fa3066588c40886de913c8f7fb22264a8a8a8a8a8a8a8a8a8a8a0a8ab81072228a27d41304ff00608da3cfe1141f617dfc31e4c1830609a10f1c919089c134b27dccf027226350237bfdb12932c2c2c2c2e2c2e92e92c2e31a1711bbf8124d4787a4e9f8aaf49d3e5fa0ea3a0e824f6e6c10e26c5df81762ec4d89b137e41363265112913cccbf104a17398c6318c6318c7fc28925858585858585826cb0b0b0b0b0b0b04d89b26394cb09653258622e3c2e9e12caaaaaab28d91bc993f4b881223f08ff000381125656565656565656565656565656565656564c442230f44c1188f646112ba1d7eb8cdb81f43686d0da1b43686d0da1b43686d0da1b43686d0da1f43e897987044623d12eb1e85d0d9af1a2267d0e38ff000a9c71c71fe1538e38e3941415157169f138d183060c183060c18d18d18d183063463438d18d183d30661dfc0f613c49059258585858585858585c5c5858585c5c5925859f003f48e313cd47295555515555338295c390dc5c5c5c5c5c585c5c5c5c5c5c2ecb8b85d97171712250cfcc884326849cff0094c7c5611d8ede1d8ede1d8ec76f903b1dbe212b96582ecb0824a248e0e1c7938a00600000013199185922399cfb2771ec8cc70ee78f9e34489292bf1d2525253e3acafcfd65250525252525252504c45e084e6217b256523a9140b859e282828282828282828282828282828282828282828281b4441f83686d12cf8510f03686d0da1b43686d0da1b43686d0da1b43686d0da1b43686d0da1b43686d0da282a2830fa267edc1fde471a1c68c68c68c68c68c68c68c68c68c68c68c68c68c68c68c68c68c68c68c68c68c68fc034895e0c0324ae0c92705a5a5a5a5a5a5a5a5a5a5a5a5a5a5a5a5a5a5a5a5a5a5bf1ac8053c19a6a398abeaaaaaa8ae7354f0249c438828820a28a28a20a28a28a28828a20828a38b4d64a6604ce09b843e1391c8e472391c8e472391c8e472391c8e472391c8e472391c8e46391c8e47c24773b9dc4d9dcee773b9dcee773b9d84d9dcee26cec773b9dcee26c982533f564e04c985b2082783035c850555505055653330267ba93f464857f357073b292929292b29292929282a2929292929292929292b2a2b2b17282592c4c5098811354cf02550a0a0a0a3e15505051e2a0a0a0a0a0a0a0a0a0a0a0a3c1803297067aa80ba2678238119f503e87d0fa1f454543e87d0fa23514140fa1f43e87d0fa1f43e8a0a0a0a8a8a0a87d0fa151eb8122820bc18104105e0c782082082082f060c7931487ce1938646265c9f024c85a5e5c5e5e5e5a5a5a5a5a5e5a5a5a5a5e5a5a5a5a5e5e5e6e179778ace04b20a8a8a8a8a8a8a8a8a8a8a8a8a8a8a8a8a8a8a8a8a8a8a8a8a8a4615f8f2a5c095d8bb1762ec5d8bb1762ec4d8bb1362ec5d8bb1762ec5d8bb17626c5d8bb1765c5c47824f73044cc4a0eccc993dbef723918c631c8c72391c8e472391c8e472391c8e472391c8e47231c8e4723ff487ffc4002b1001000200050500010403010101000000010011102131516120304171f19181a1c1f040b1e1d15060ffda0008010100013f10c09503aea540c2a540812a54a958d4ac0e87ad257438118e72a07554a958b0c6ba6b1654cba2bade93b152a574540812a5419e54ae831ac7430a958a74a60f456351254a95d35fe23d49d2b440be7fa7154c81d45f104748d9ac39bc75045d66b9455cbef4712bae993289e5b573288e9161298225f8dea04d0b81e3465414d0d45a4b871b30d30d1a631fe4e4b79791c4a0bcb195690ae82c5feef5a16383aa1352b7895b83a5cd030d0e0dc8f3e7730d7c3f89a8be09b8ea6b94aa66fc4f354ded59c37502dab368ff00ad72d3155766e1533d9fc4ab4c96f8956d04f5bd407050d537b4a66dce161867b30cd3cc5becb7d4a7cabbc5da5f9f133fce8424bcafe2115a3e1101b6854f1073c44bab715d21a55084d313d260528f852cd25b3583da22acd14b331a7c4b29639993d2ef0ee6cafc0e62c11ddaf87bb94f97778eba9300c53fa339f5796eb8e6f6c86d833ce1dc67f5fbc35fae31b67bbd792141852e87cd4cb6e217d8cea2e8b713c5295ff3fe647215f3aa97d6a02d0564093c72c39b448c369f22677aec818b79ee35cba24153765795f243e4a8b8947445b446d56d1b519291b2a3408e38bd4d535d346a3ebc92b7b1e3a6cbd6fa86f7ce7cc43d02be9857965de1750d0cb6ced8b82b6b932b9c035a31bafb280d3912d47a0bd0e40c47f9360f6c2af925319c4bde6906590b66861dd9fec2e295d6414fd2ef120d534381328db45aa4166b0ad262debda1ba9b6a6062bb213262e24a9c16fe6d08ba77f43c30bcfa33d4eda99cbadb0d77ca5c0ec45b1f8065de280d07c09c92db5bcf10dd06408742023f96c462bef8a25fdfe8dfe9823d8a35bcbe5da0ab5afc3df32036887f4e668ada5f9e07b8f8b96a41a3988cfe98aa8c0a955c32ab5b9ae72e767fc3b20d4891bb7fbe248b3ae03aad3ac232f9eb1df21d25fa6f65f9f0c8af1a765e8a966d6e5285270ff559aef88651ad3687865b5e74a5a4cb90f2621ee7cfe8df52c93abbc0ee143b76c3cf83bf9de2356ca4ba522102b5844169121b9c67bcad9cb70c3c5f18ebd655b6d6d8d7d0e66eef8e7f9f88fa3c373cb3b94c34947806e99fc7a451b4861ac7f862ca725eeb033d163ffa8c737623f921e7b01b981a43dbcd66bbbabf17b18cf85ad222daa311980c7f458a271ac32cfa14d8d08c07658cb72681e9ca1a434a68f980247ff5a2a9dc8f76b8771756331b25b913b08a8ce392677c76825e8aa89a45136d49c3bd6763f04afd8acb9002ceb724be92293726598e82f88879169a8f99da448b690a5b788fe3ef730626351e37127001b929a2c2a3523aa3c7a72605a495e100442f01159b2897aa90c1f82a4e8c0fd2f246dde1c63e2649b5cdf0ca4f6206343fb9c915594328be38ae6e3b9f3c98546efe88290fc1692bb61dba95890ed2d4bc0c16ba6fa017417a55d34be3a3cd79baac42f4ce24ac97c1af1143488e29d9a89fe39da3a2fa0a6529a85fc707a759cb6fb9ca83dfe6a6eb44d8a65b678486555353f3aec158271fb78b680c8557f3743721a372a09abbb9a5bca0f95c3d69b7446665469e47bf8f32e2abcebd4666f95264d25f15987bd5d4e5a07c3c3909f9b1b99c2b593af2ab3fcbd84d5e2472223baf1544e9e12293553f84448bd308b1e2208129cb36a0afd85b0cceea61a1e51be0a0bb13f70e0f4267cdfbccb76280268ee65674d7bcc9fddd282c793a9677d4646eb84a95d87fcdd9be8108d755aa0f43c455893d5a3f67c902c74fdcecb39165a6b395e7f65eabb6286bde5225d92a3e6f2f78b087aa0b920b6217d484e3016e237f2f6ed2bee491f3c277567dae774ac04f1fef1bba3bb0a7cc7b4d6569a55d722ee5f6f346016fc76e78f6df9cc8adec51f0c4f91336a6646f6b61b3c625af280d69816745ae1f61a8e662b5bd75f2cced54ee21d3e1f86ed32cbc4462bdabf8c78c6fc07c899d2e376d18e06be5326f558776bcbffc03ac52a96597e7acedd798da18f0a7aab03b55d358574577ea3fe567e1fe6e212a52f8952a54a9529952a56012b1a952a54a69ee1a3ebb693f7c4f04ae8a8f4d75535ae9005fbab85a9761c6a575b0f68eb6ca1f089c5b64b99937f875239f3b3ca63a10f9f9ff000aa2a8899126113b80012d249a64e5c6ca0b70e92d4f1d732a3c075615854a952a563fc3b358fef895918d4aea157aced836396023aa8106fcc7215ba69876b7f86e12655669d97fd307a0e86ad1f99ed55278d191621bd7749a6649a762d2902830a37bff006ce4ca4a6f29bca6f29bca6f03bb2bbcf694de7b4a6f29be0a4a6f2bb1a7fe37e202b6cb40f117b8069363df169959228d822a6bb0b7c31abf31b9083f8db3ef166359e0e570d9ea04d1e9a7a37f5d15d8fdf10d0f58333d56721b793b4c2b00c924e672c862d9ad9c4be0a77f8a0da179d0bbc04f026b48b691197a0bb38848800ea3a2732ca6dfd8ba1e97fd317aeae0994d58aa86a0afbb64d4ff009ae5e79451c621011ffdbd9e4444e447a119a9e82222e1c1a989562ec63d35fba49b267c2caf39c219bf91b76110bcd38415cb77ad28de48258005a5371f501aab338e8ae9f0fae8ac2a574fef886874ea8e14fd6269de57dd32ff0063580a00cd0044b00dfa0ce1172bca49769e3a425a2fcc6da104d2749e636b6b337c4c4e87fd3b475859fead9c138670ce186cce19c52cf04e19c13809968e19c329f04e04e09c7386714e1c3e399ecb69c709d74574f87d4a952b04e8ac7f7c43430ae99bdb570a99bb629ab1e6ac74e4973239097eed7f4fe7f561dccf0346dd21fa3711ee569d95e979119a0635395d0f43fe9d9aec7f6b97b9e0ee7863dbf0fac2a5635d0e1fba27831fdc71ff00eff35309037866bad5c7e1348d506a0ab6073aa4e44d15429e0b6e08ea5dff00f766c3c9a371174423d3ea1e8717fd3a2ba2a78b33995d5cd74eaf3df637e5ecebd87695e27caef31146f588a2299267e2634c31095d9dfd7f3d558d63a1efa1f9ea0cb97c786befb2e2f3c85c3832b9279ec0fa55575357e1f24a87d6da9dc84fe6a0348c685a9e618b59bb86ebc46dcd6d735dfaea265e98a7554cbc3f8e5bbe53af0a197ab6d6c37b5d5e4c1f2b801a03a4cc964e25cf873f839b82e6c2e59cb39672e28734e49cd84e4710e78b657480aacceaad1575ea3667c01527f1044968ba72da59b798f942d5af26920ca1072bf118b6aa57e858ec4394529d9dfd4a952a574d6150327be8a211c02b6c4ddc185edb7f58d0a6d8d9a1e782127db71ec3a7a765dfb3a6bb743e4cb847fd703c3081a2b29ed6f6c25ed582a3e434bfce1fde7cb292929bca6f29bca6f29bca6fd605252522bbc347fe522a1568a5e491f94edf27c21df994d185a315aa87725255d196c51812ca5cacad2e778690794457b26febaaa57454d0edd42ec2685a3ef7c1deb72f1f6ee9e983d44ac0957acadc32e8a6ca7f933d13d53d53d50f254f44f5caf696ed3d33d70a7c4f4cf4cf4cf4cf5ccb13f5221c2937c1976d2d85af467ecccaa51369a24670507677f5dcd0c2a5765cc84fd67b8997a770c0c09fdae5e907586495d8ac6b27b9bfaea66956a186ea47a19594905c70a4eb6ad058858d65bcd137bd2584115ac47a0b61be8dc0657f910a122d30d511f988f7d2ef681c982e06aa12bc44e11145118a02263d2073d5a5865b3ca41b9ae9aecc634036670ce56723deb6369983db28616d5b93c5efa45cdbd56a87c9e225490f1466e1b7e7f48f7482ff00ab56574844c2a561e0ee6e7ae8a952a54a952b0dfd757952c9f7001665e729d5aea55b11b7196adbdd4a7b542ef5d40e7187f6f409583c08c6a0e880e46bf782ae561eba520d544a3419e810af648edfc8e3cc53b6fbe74a220f7d0011a32e8cc87b7cb5c0046a2e19dc92694b7387fcc21568b84780dc0504295edd04cfe4ab08305ac46bd4841d436cd2078adfb5ccfeba494f1acbd080435416a95a56535c208115ab3501f75d6e5648f7c1a67f294fdfaaba27f3deb5223ec2955e4841b926dc112fede41ef0f871206083bd5ba4e6d04355805a99d1cd40062f7ecb218185d7d1d5cbfe3c677dc87300eaaefdbc8eadf494b06d275348315a1c325ebd956b375c73ca8929ad6cb6472f4efeb1ac5b2b9e8774e3eedf2d424ce93f2dade51cd7929bd8c592ddc65335554cfb319ac94526e20d6ede9b420fa23555fe02342d509fa4d7dc3b462ad9a6efd4af119457bba40174c13feabdb279887c717a4f842dad583bea8d3f80617ee4062c62150aa8a4549613e2c48b8a9c5b6d6ee5d89a7ef8cceffedeca62fc0286cbb85f7579a9b91c515eba2eb9449c654d41a245c93455dc29b9fc7ea8bc508bcdac83475f3badb8ec3894ede556b7235f1296ac287820686260e92ab1eaaae59fadb7ed5453bdfb28524b3ffeb2c8fa66ef292bf5032b36677ce6c4cf335753684aff00b7565a5a5a5a5a5a5a5b796de5b79696969697de5a5a5a5a5e5a5b781cf9d586898e63452b9c923a6df3183d26c98a12122a28951029396a9a318eaa3a5a659915bc74d2a30bcb074787d7554a95d1a13c7420f4d60c757df66b17fd30ac6b1aaa8d878265695e3dc6810161633c950296541afaad03d846ba181d4b1f5b034f345601c48ffed9c19c69c39c39c29c29c29c29c29c39c68eca70a70a71a70a70a71a71a70a702706326bc55a316dcd5dac5df1ec5a3091b5e5aab2aee96c25436cb3197aad137147360d4160a86874787d7675c742783a5838560983abde2f5bd2aeb3acecff0056f40441818a9c580e18d3a4e2c60d99c3826cce1c7f865a364e3c3e39c738670cf2d74efebb9a1efa2b1a9a18335a0f2986a7170f298281d2e2be9303affb1cb890ff0013c3dcdfd7f3db65854665b2d8313ac0f044415341ab0547b450305285f817a5c6c6428d9120d975093f5568c4f970f15f765f4685fe18c8c2678f8b09432a76cade54d501a46805e2b70776f29683e5b425b8cafc1111a2b32a8345301b246614f4dc1bb8bd411c4285c8f32c1290131161529831d3d3a09e3a3cb07a0c7ca53346ae167fcaec51273518f81d8c221ff5bf027c89f27fc7566a8047aaa1d1f44f734ca564035608e23afb1eef296f93ccef99f76dff00891ef5adf7610ab16e5cd8cafbe1d441cecfcbba5e27f3bc588e919505e31ce33c2e75b57e12aed32ed677f238d23ccd80cd3a5b5d8664bfd081fbb9ab4ddb7d265ed0473814eaa9d620c9564de792113f31b3b1bdbaf188bdb9ef5e03174e937ea4f1a8b1ff00f7610898d7d5b3016915020a3622f0a85f4d9426dc1efd98056fa05b5e4973e5e5a1f15e650e074f5b49addac34071a22979ff002ce4b39310392722722724e59c9396724e4c273a72701cc9cd39672a73e73e72e722722724e64e5ce74e5e15cac0100a0ca2ac6f715ec4adca97c757adee3346d8a54bd0b6fe08d46b4a5530eefc0a17b1328d858ae4f10fd9628c500d8f31f3960dd7aa7f0f8f9cf4ccc373ccb5ccfec0d094e33073f33cead3646a976a1b06f46572c4367821aae0bb59ade9d10d2c359a586e0a67a3371496738a5d1d19c9d97dff00371ebebf61bb2b76871df8737fe0e0eff6bf738cbca3471a755282906e6bcaa686fb084d46a8f4078a89583a4389a91dedef78c1177175f6997fd9079443f37aebdf8cbdad1469f0c3e1c9a61b4ada875314ec6b5504d756cacd45465cf90d8c786ffed949594ec8053053a05257894949494e8159595ea03a8edd24ccdd18b3691575045ed53c87a8f333c1266e1a5ef1e333477822eb846e9128e344b676000e6faa282a65843527ed8e8347b9e0daba9dbc7937c2a38bac4dba10750c1e974f4e8210c504cf3805578bbac34a4d46e033d406bc129b6209fdad9e8c2e2271938c86c91d8270470138a38a328d27a99c44e221b24e027a3a00e330f27c4e327a67293d33909c24e18e38e38e523a20abf4cd848aeb4c58a5cb0592d8081146e0a0e8d0e8aea7175632ba5e9618c7ac84ae8265fe8d5ee1a3b9e1ee6febb9a1efb6e1abb8ff00a635d07410e827f639604a952b0a952a54a84f0c6bb3e1ee787d770d1efa5ea70d5d87a1d0f583810c0bbcdb151c47bcfbd174bf2448e2a7261b9caa2cdee0b961d3d0b61f2c1735005f366c2b3447f158575dcae94bff00e35555027ff1f99ddd959ddddaf675dddd199d99d5fa13d1ad797791394c0e8d6177ce61687bedb86a60f61c1d3d307a1d72d5fd09fac4008ab6722844bcfbb538a2d3c8c6b146ec1542d992e6e6cbb2463df06ebc7fb8799ef2fbcbef3de5f79ef3de7bcf79efd9ff00f79ef3de7bcbef2fbb2fbcbe0f79ef3de7bcbef2dbcf7c739a913b92a398bd298f468f403cc8badeea855b461000396ec32f025e1a6b37d3dc010108433ab78cd22a5b40f84799c61a1efbba9ecb8bfe91e91d6f12f03b473c288a2986cef2c4ac6cd2ce4ae619aa99914c5951a4d6d8fda4be5ee196b9a9a0a2b1dcb6180480bfcdc72389389389389867167127027167167167167161b19c09c39c19c19c79c79c39c3c5fe2ce3ce1f4b6db873873871a99dcf498e72866dcf54102d4c2c84bbbf37b21a4b6e82020a6c6c2d854bc9134a5687aa891034eba205998ac343df77538bd2f43e3d47131a300e935c6c6fead861bc2c3630b8f0c6dc71e4a583c738e71ce39c738f19b870725cba717849c04e02701384c5721f538c8ec4e39c3d596469b868fb8773538b83d4c7fd30703a4862747f43961db34770d1e8a95d352a787d635d9347b8773531e97a1c3c3d60e2431210e830cae9345bb89a9d4ae2330638aa4562fd14f8783905f773ee67d5cf8d3eba7d9cfbbc27ebb1c6fbe9f7d3eda7dfcfbf9f7d877df4fbb9f5d86fddcfab9f773eee7d3740005173e0f812bb9a9e87a58e0c3d074901ef4b54c33ed664cc01ac4312566a4c1954330fd5c7ae74e7ce574849186ce1ff003fb090150e47a125cd3971039a724e6ea04db9b05aa94952abbe51a75a89b5ed44a69856c9035b2215a9ae862f110d56e7a152ca7da4c8e20ef0ad1b4519b4bbc8390625bb3b83a9ea757163838b8e83d60f49d192fd4e6419173c446ae057e255bd294aa535a6af0cd9fddb29bca6f393029bca6f29bca6f29292929292929d0153794de53794de5379494de53794de734a4a4aca4a4a6f2b292981485096f3e65bbc4223d43397e8caf25276e32221e180734186f8795aa1f19d95784d6a0707c0eb3345e0dbb520356cfe2a1d4f56a611e97a5d0e83a8944203dd86995694b732b8887f4b671938c9c24f4cf4ce121c73d7d1de48f5bc738d460575f445ebec555437414b180072095e94ada5db316d5b81b634c5e2aeb7ee7e9368d792644db07b5abade9f07a8f490874181813fadcb0e8313bc18787b9bfae97acd1ee1d4e2e3ab0638383d0cdbd4707031210e82187f7b97a0c4ef063e1c03b5bfaea7a8d1ee1a60f4b838bab83831e86319b7ac5843130ca3b8372774466abe883edc40952712ff00577ca1237d8a01b26b6789e75fc69855cecabc9cff00f827a999df91446765446a0202dfff00ff00da2e2dbe75bc911719e8a605a6100e02bb3346acaa08a5797b247571631c1c5c36f5831874108aeb3feda66de06e631ffbfda5870a7f609478efe38f1fbf071851fdbab2dbc545a2d16dee5b7497dd2fbb05bcb6f2fbcb6f2dbcb6f2dbc16e969696de5b796df016df102d2d2dba5b74bee96de5b797dd84b6f2dbcb4b4b6f2dbcb6f073a35b2e5eeddb26f8e5e2a3755fad32cb5a8c0999dcb960f0211995c6aa0f129cb722fb988eaea5d845480011bb1dfbfb2475702383838b18f8f58b0c0c42e1d63638008209c00f2aa55b0a794a4aeb59cda31fb265072fe4c4d103ff00b7067650d94e14e14e1ce1ce1ce1ce1ce1ce1ce1ce1ce1c76738b38338738738738738738f38785e1ce2caed95db2bb670e70e6d195db2bb71b78787e0ccc608627281b1f28f32fad44d69f04a796d1d705a782d5d4073b63f12bf7edd0219a735d2412b9001a06840711ecbab811c1c1c5c1d0f58b8989898188b9feadec8001b8fed2757fe61e61fc738e15becc7f8e1d87faf36fc63ecf8f1f7a73f2b63e1a3b4eae047a1c58c74f4c586062626063fd0e5ee7821d831f0f737f5d6f4fefbbaeaf4b838b18e9e98b89898981813261ada26acfb59f6f3ede7d7cfaf9f5f3eaa7d44fba9f753ec27da43fec27dacfb49f6b3e9e1ff00493ed67dbcfb59f433e8664bfeccfa99f5f3efe7dc4f8581beaa7d4cfa39f533e86653b7be7d84fa69f673e8e7decfa08ffd9cfb99f5b3ec27da4a2ad5dd2cd3f327d2470286a3da757a5c1c58c74f4c586062639e9f6ecdab088cd54b5a987e8dbfe97d47aa0b4af0617df2739e1cfbb50401ee1049ff002a0a682c8a8bea72905d760d65351259a7740d565d68fcca45ae0968e769aa4b410657222021000da5acf16f88eb86342d87ac9a0f92397736f68eae0470707170743d62c3a4c5dba5ec860c69159637339f4aff00d31eb1fef3e594c3494949494949494de5379494949494de5252525252525252525253794de5379494949494949494959495de577251e0b42a3a8cd4a0a6e84cbadf5b78006d1954047b0b4311a400d351eb745c6760896635ade9942569a37d18f16810de5db731ec11d5c08c63838b18e87ac5874108604d34303037397fe99c29c44e24e3436d3849c04e227113849c64cbba212e29c53893809c04e227113849c69c69c44e274c13849c2c370a70a70a0de09c49c44e231f01d0950ea7f054b2ad75e205e8d99bc18b80e6728700d40e4c3481f7e2709bc16d4bb4eaf4b838b19b7ac18e06243a4c7fb9cbd27418f8773c3dcf0faee1a3dc3adc5c1d5c1c5c1c58cdbd62f4108627413fadcbd460747821dbf0e17d15db7ac7330bec38eac18e0e0f431f1eb17a0c5b8a968db534149593da6afa32031bbf582a4d48759938f888ef04bff30df7d7ee64ceee4cfdda2aeecf33e61dfcfc4cc54ccc898f8861e53586f06721d42563098c409a033c1eba1c7560f4bd3e3d3acc73ee2798e491a1f7bf6387cc4ccf49879367ecf1505fde6cbef2fbcb6f2dbcbef2fbcbef2fbcbef2f2d2d2dbcb6f2dbcb4bcbef2dbcb6f2dbcb6f2dbcb6f2dbcb6f2dbcbef2fbcbef2fbcb6f2dbcb6f2dbcb6f2dbcb6f2dbcb6f2dbcb6f2dbcbcbf7ff009ee044be7b14196f282d9bb4d5a3ace4d253e50fca8da05b029e05e65680ed361bcbab63bdf9f425a036cdbd75bab8383d874e91d25c748f4dbc91b3a63e8ee4a2ba4af8480853f3c6f8ba3645b2eedd6d81634bfe6ce2c3633893893830d9ce04e2ce2ce0ce2ce0ce0ce0f436ddbce1ce3ce1f4b6df1e71e71e70e71e71e71fadf7dbe1ce1e1f8f38f18b25baa917bc3cbd412a46f570325d82d91da5ec5219552e3b9c8f187b3cb9975b6de7607acec3547b0e2e07ac8749805efead86dce39c738e70ce39c738e71ce29c1324ca1b33830f87a577821b338615b94e19c138270e3bc738e70ce3e8d7871fe09c338270f42b98652f9c338670c4ac23d6eaf4bd0c707fd2389d043b19bfb35618189d5e0ee1a31e8b972e5cb972e787d770d1ee1dcd5da704cbd3a0eaf17e37c0cf0d0cf1c90a763967d2cfa587fdbcfa59f4b3e967d8e26f7dccfa98477d6cfa99f5f3eca7d9cfa79f4b3e9e7d04fb09f618ab1f793ee27d94fb29f453ecba202dfd562a17dd768d6b084ef39c5a3fbe95ff00ef8ffd4cfbd9f5b843ef6302a5c1a8f8e9d4e0c707ad74f58b0c0c51a73e880dd60fe7caca771489c051e4fe458b1a91076be487d65c1835cdb02be256a93ced918689ae71f6f63fff00e57a15e57fcaed7d6150110d7959cef615552689bfc1187ecaad5ee3328f92825c17e9fe633e0b505a68069013cbbe842bc2d9758e0565dc4ad6d574ea717a5e87c7a8f5a5121d355fa97efee85e5fabf7365c5ead183b90dca68933c2babcaed2ff005f381dbfeed94de724a6f2bbca6f392724e494de56565652525656565779594de53794de53794de5379595de57795de52537959595de56565779595de5657795de56565656ca63aadce3695962d1b7f8b992e20377ccc7e8f5e5b1f08bb64ba8a30edbb8e8e5e08728574543b0a58c4f86c0245bf73a753d9717fd3a08746b83576d052cb8e72fd6c06c61ec26b08149ff00a706e1ce1ce1ce3ce1ce3ce04e14e36309c29c2c3091c29c29c29c69c69c24e127093849c69c49c29c29c29c29c29c0c138538d38538d38538538538d86333853850d9157140452ff58e6b33bc35ecc014a52e8a2db994a64f1e081f0790670e5a95f2df4ea60e0e2e2e0e9e983d2749d3fd0e5c2a5f598783aea54ac7c38d764f3ebaabab43df4bd4e1a9ed383a7a62f66fa0947fa357a0703a6e0d8107b178f87b9be37d9324ed5c5c1d58e0f45f4bfe917a0e9208e5de4524088d22523cc3cee6b336f6a25ef54fda0c590995d096ff00f43b110027315644764a2223637e8b575b88cb7f8377f22a01e9c231c92ca7100954b104ca059b5ac5c353dc618e275223cb29a5481c1385737165305154066c23df7d6ec907fb3f9c29febd596de5b797de5b796de5b796de5a5f79696de5b796de5b796de5b797de5b796df07b4b6f2dbcbef2dbcbef2dbcb6f2fbb2fbcbef2fbe0b6f2dbcb6f2dbcb6f2fbcbef2fbcb6f2d044bef2dbc5c99505648b8af2e80d9a85ecdcd164575b429460bd65578350a99634019d96aa9c969c44d3cd8a0b9aaa0fd571af0297d08e1a9c1e95e974f4ea3a6d4b0de6d8b657076111afa46861c75a6f05ac30aa01ff6e311c69c29c69c69c69c29c69c69c49c29c68ede71e71a71a71a71e71a70a71e71e70e70a70a70a70a70a70a70a70a70a70a70a71e70a70a70a71e70e70e71e71e71e70a1fa4492bde35fa8d5951f48ab1a68421326b4a5cd6e70ee43c6daacac56ee5b6d4bdeacdafebda12ed617a1d58bd2f53a43d675980dcfeade8a0e8f5e19c338670ccbd270ce186cce186cce1e8578670c2b72c1e39c738e71ce39c738e71ce39c70cfcbc4e39c138e70ce19c738e70ce19c338616917f182e2238505742cd4eabc5c5d0e81876870fea72f55e378f83b17d1e1ee787d755f52c9efa9c1e9d4f45e2e0e2e87ae83ba9c4ec9abd263bda61fd7d5cfabc36451d221084231778df4fdc54846f5ac6b1adf4d3e9bae4e379d2fa6c0df6dd7630b4e11d629686bd7bef58ed41aa2930bc166a7b8e87ae825f60b9b27b98d14327233f7f26060f2739fabfe54000100047881c738fb000171f6c00014930a2665d11ac2141a23ce532cb5252a39eefcbafcc1685ea0a3c80a2414ff00ae0daf78282ae6cc396934b191bb7a18b37be85ec3a7a60b2fb24e2f272af68f3266ebb193a9bc2566ff0076cacacacac4cacae156565656560656565702b29292b032b2b2b855c0acacacaf4d556525656571860199e112df058f338ad8f45d12ea9e761357e52cc3683064c641bb52e5f29a52725d4b6d280dd12e7ddc07d115d1d07467ee1c17a5c1c7c7a60f41d260328da1807a27fe99c39c39c79c19c59c59c18ec61b69c6c710c12189c286c671a71a71a70270a71a70a71670a70a71a70b1db8538586e34e14e2ce34e24e34e34e34e34e34e2ce241bc160e844ca8b473b773969cfecca70e34e8b5a5ba4747fd6ca19015e54ce1c15b5d56fa7f70e0f61c1d22e3d2741d24fe972e27518f877345d572e5cb9781e7d76d9a1efb8e8cd6f6f61e874f4eb31210e9fe972e075dcbc3c31b972fafc38d767f8762f0bc343de2b2fb1e19adedeb7a7c7a749810c0b44458524b87faaa09965ad26cfe7a19b666a9cff00fa590441b2aabaabaaab3aaabb66e623bafb7e772b777f3bbca62acdd4bd862b6a3b2766d2c03332f7db63a7a7518dd0b1b5a63c22278bee7c0bd8ec7239acadcc9db6cadb925dda1e74db0aff00b7565b767b33d996dd96dd96dd97dd9eecbeecbeecbeecf767bb2fbb3dd97dd97dd97dd96dd96dd97dd9eecf765f765f767bb3dd97dd9eecbeecbeec37dd97dd97de5f765b765f767bb3dd9eecb6ecb6ecbeecf767bb2dbb2fbb2dbb0ba62adfa8c151d2a51fcc3d3584f33322a38da110194a7b95b2106016ca912b9a66e23571404a05b42e1a9ee3d43a0eb2673c86f2cfb6df34c559b002a0da56579815976fcb61c43891ff00db383381389da04cccccc4e04e1609c29c29c69c29c69c69c49c49c69c69c4e8046e34e374b23270ba01038d38d38d38d38d38538538538539ce1947e8e7b520d566f95f642da6d01720f45ff2c38ecb1a7e48b464a694ca877457d60ee1b61b30a80a38eb7b7b8ffa47a8ed03fd5ab85c3891b51daea010a9d12f04e086db38e1b5d1d15b9476671ce3ec7fff00c6ccb7d43a7bf76a71ce3c3e09c10b0847858ed328f0ce196c7022401cb1d4ed382feced9d5fdae5ee786372e18dcbc7c3d1785cb972e5e1bfaeab97d171dfb8c6fb2e9353edc17b87a8e83a49e9a5aeef9ea4638ce1d8e538016212f953e97aab2a7bdf4b3edffc66099a63a5ab6b5ad28c8a42d6b7c19f0f0330c4038001f0b1a23e34f9d833e34e711ab0f0cd4f6f5bfe01f66beeb0176ff948c70bb19abc9de530f286ebc7cb669fd5e88dcbd91541b719c9d92b59e4c1e4c6dececd11c984e59cfd5a839fa01631c9de07c7eb0a60740b6139b5987803ccf3dc1132d65ce6508aa9aa0f6cbcfc1f88b15d9c728a19da825421b22c8f060e8cfdf3d4f4387f0e83acc8e7f7b2f3c28697b60e3165f4fe0964e53a638d5fd3ab2bbcaef29bcaef8d5779495de57795de57795de53794949495de57794949ed29bc0ca6f29292b3da52577949494de5657794de5379ed29bca4aef2bbca4a6f2af995de525779e7ab5967a7cc6422b440974135cafcc219ee46cf01e18558b5e3bdc620703600ca1a28d1e05e215554cf2a21979c3c33f7cf4bd0e3fc3170303a4e31303daffd338538d38738538938b3893898a270271270270271271a71a71a712702702702702582d63b59c59c09c49c59c59c59c59c49c49c586d670270270a7067027027027027027067021b09714c0de2d07b94f80d88e0c754580d2c0eccd3b46cd455b95b67f53072b298c66af67a2fb0e87aea303ac8cfee72f51d57912faee5e3e1ed5b80fecebb8b2f17f988762f159fba717b0c7c7aeb3b5fd2e5ebbe9f0637d172fa3c32f1b972e5f45cbcbd20cb978dcb97d0ff00210d3065e2cbc08e1fba7058b2fa57172fd1db2ca90a28a3a39f51e35a684d7a61713e27af7bdee0fc977e765646ff00fde667e7e7c727c72737b12a83775cd9cbeeb8ff00fe2262620880d16d25d75198489ce30259ec4e65f6963a7a740f49818f629fbbb2ac9a95ee420fafd00c675d3b79da1ef270abfb7566e296dd96dd96dd96dd96dd96dd96dd96dd96dd96dd96dd96dd96dd96dd96dd96dd96dd96dd96dd96dd96dd96dd96dd96dd96dd96dd96dd9696ddc36dd96dd96dd96dd97dd96dd97dd96dd96dd96dd96dd96dd96dd96dd96dd96dd96dd96dd96dd8add94dca1e0475d362da9e1da16b310a7461f38b19050d5d49e2e5db59e0ab36945826902e440c9aa9aa19b3c67e59e7d9ed2f71463eb3b4254b5db6b44691bd20375766f617446f2b11da07ff006e19f627d89f72717f338ff99f5a7d69f731cce3476d8e671a71a71bf3385f99f7a7de9f7a7de9c39c59f7271bf338df99c6fcce3ce2ce3e18fb938f38f3ee4e3ce37e67dc9c59c7fcce3ce3ce3ce3ce361df727dc9c2fcc52e31392946904f79e3adee583536ebe58d5e3cef442d02add0c223945bab2a64549279bfe8f5499c945d7cb1d5f7dc57fe0aefefd59595809589845252525252041844185618d55959495994fe9292988525257029292904bf5814958189c2acae132ac14fb94898c292b2b29111804a44cd4f55f57885ea3b4d5ef0be4eb3b77d5c6f2fb7745c6ced5cbb5ed12ba9eacd2f71b4317b8b58d4bb012b703180a82d81fda5a6d175e8de7fb3a0f1bec572b737f2e8fd582264a0193437bb0301b56422af45d4105aa0aa03655aabdee5e5b251489be172f1b970cfdc7c3376285c9a8bc5446ec3c8195abfc1b43fdae4f1bbdaade71f053628b10f1d372e5e092b9a149bf029e2e2a16908259d2da3019e52e65d475d5e52906b6b254c9ccc6e5cbc2e5caa9754340350f2a9e83543593f61bc1dd74aab3562ce44f04a19020806dd29e3a6fa0fb7d9a1b2281703547434331417d86e6d16166f15e557706a556c126f5b73d90e88914c9fc8c46ec6d4f21d5fe285c17d81617ab0f46d2e6a169019aae0040cc0400f91eeb7b572934fd2e386658d1eef25328a978b2aee78de6afea990fcb68b6dbbd8454ad8cbad79a8d5c03421683b652bdf340035a8036f938d4b44b8c986b4397a6e5cb88185823aa65ec83a917354c6464e63759701d53e455e6ca16df8fbf1df381e770143cbb36f6493568c5d75a6ff74cdc9c087b1943ef87b63a8fa52aa11d9ddd4af0b68e8b972f1bbb696e4abd9ae235baff00545655edea5e09adbea07a5a5f984bf1e59b6f7165cbe9619323b50468db0c2f8288676d5af96a687d6d0cdb170cdc1f8e57d95f4a56b216a5b7e62edb1b795f037ce5cb5493895e454a1d733c34d54042c8469f254b430fa59f433e867d64fac9f4d3e927d24fa89f693e927da4fa49f6b0ff00a49f493e827d24fa59f4b3e967d2c3fe967d24fa49f413eda7db4fb69f6d3eda7db4fa39f573e9a7d74faa9f793ef67decfbd9f7b3ef67decfbd9f7b3ef67decfbd9f7b3ef27decfaa9f5d3eda7d34fab9f473eda7db4fb69f6d3eda7db4fa09f413e827d047fe927d04fa49f4f3e927d24fa19f513ee27d84fac9f693ed27dc4fac9f593eb27d64fa69f4b3e967d2ca61deae485adcf7933c27d5a0e1646e86b70e38bcc0873a16cd7d89b9427d4701109af872b8a7b45f78cf7ec0c2f9db6c337e9ab0aa268f2335adda1fb678a560516c652c4f3d0dfb0d52c3b96173a1e84bd124a6532994ca6532994ca6532994ca6532994ca6532994ca6532994ca6532994ca6532994ca6532994ca6532994ca6532994ca667d79ccf1ce532999cce673394ca65329c14cf79e3191aab982dc418a75d67a8b1d6ef5e431597fd34319efbd3fc5303e6d6a7de959e8abcbdc87d235aa90764bafce57174393fa1f2084d653715ecfe41e3909cdeafbb4b96ec7fa5f0414cdd29aac17202dd22b3c31fc5c7e3bd1ae3f0a2c32f7446d68e5b967d780fd2a9fff000a5bfcc1e803d1025a017c80316582f0a1642b919fe2233023450b2355012502a9c3c4200aa2f0cb23d429685285be59569f8a550835a59991b2eccf0b2f404a5e8cf5692f77a40a82dd445352d6965c6e9614dc851ba2f7359e00e07ff84fffd9, 'Jalan jalan skuyyy', 33, 3374, 50275);
INSERT INTO `pemilik_toko` (`id_pemiliktoko`, `nama_toko`, `deskripsi_toko`, `gambar_profil_toko`, `alamat_toko`, `id_provinsi`, `id_kabupaten`, `kodepos`) VALUES
(20002, 'Anisa Fashion', 'Menjual perlengkapan anak lengkap', 0xffd8ffe000104a46494600010101004800480000ffdb00430006040506050406060506070706080a100a0a09090a140e0f0c1017141818171416161a1d251f1a1b231c1616202c20232627292a29191f2d302d283025282928ffdb0043010707070a080a130a0a13281a161a2828282828282828282828282828282828282828282828282828282828282828282828282828282828282828282828282828ffc200110803eb023403012200021101031101ffc4001c0001000300030101000000000000000000000405060102030708ffc4001801010101010100000000000000000000000001020304ffda000c03010002100310000001fa18c7a0000000000000000000000000000000000000000000000000000000000000000000000000000000000000000000000000000000000000000000000000000000000000000000000000000000000000000000000000000000000000000000000000000000000000000000000000000000000000000000000000000000000000000000000000000000000000000000000000000000000000000000000000000000000000000000000000000000000000000000000000000000000000000000000000000000000000000000000000000000000000000000000000000000000000000000000000000000000000000000000000000000000000000000000000000000000000000000000000000000000000000000000000000000000000000000000000000000000000000000000000000000000000000000000000000000000000000000000000000000000000000000000000000000000000000000000000000000000000000000000000000000000000000000000000000000000000000000000000000000000000000000000000000000000000000000000000000000000000000000000000000000000000000000000000000000000000000000000000000000000000000000000000000000000000000000000000000000000000000000000000000000000000000000000000000000000000000000000000000000000000000000000000000000000000000000000000000000000000000000000000000000000000000000000000000000000000000000000000000000000000000000000000000000000000000000000000000000000000000000000000000000000000000000000000000000000000000000000000000000000000000000000000000000000000000000000000000000000000000000000000000000000000000000000000000000000000000000000000000000000000000000000000000000000000000000000000000000000000000000000000000000000000000000000000000000000000000000000000000000000000000000000000000000000000000000000000000000000000000000000000000000000000000000000000000000000000000000000000000000000000000000000000000000000028a333a6673b59a167fa9a2673a4ba6525da828000000000000000000000000000000000000000001e19b66473a88f79779d8e59b1439900015d9dd98caddf8679d350a88f377e14000000000000000000000000000000000000047f7cab3db6fcaf161b7389b369dbcbd65c76c71fb00000046923e7fb3ed98ae34999d367b034000000000000000000000000000000000008c67b6196d95f380a7b81c7210a6800000028af466adb35a59d81a1e67a3e5df514050000000000000000000000000000006534f9ebcf5bee39800000000000018fd0d4cf74f713a323aef90b37bf41cde9141400000000000000000000000000000331acc86e2f0e42000000000000015d51a4c837a413ae6f15756531ad176000000000000000000000000000000adb2ca3373a1ebdaf100000000000000062b6b816b5f4d7386cf5a9fa5e3f69206b4000000000000000000000000000001d33fe7adbca48600000000c3eb3e27f55ad188014f71f3c35573f39fa30f9e7d0e8cce67349171a91afacafddd2abec2740500000000000000000000000000019f489baaab5bc00000000000f0f986efe0557de59757d13e97f9d3ed1123679eb389d9bafd3d616f7548873031d7b658b6f4e27500000000000000000000000000064b4359796afb8c0003a77ce9a2429a00000e9dc5374bc1e1ee14b9e9bcd42d25af30000c56b72ad68c4ec00000000000000000000000000194d664b6b78469f93d6200038e462f690f315b371cc79642559d554e930cb397938a6e584e4dd79e2bc89feb5fc12efb25ea6b29e3462db45434a73a787367609a000000000000000000000000000c9eeb0fb9be6c86bf21af500001e1ee3197b6d4852e8b27776588a0000001d0819d99accf4a0bf2740500000000000000000000000000073c7265f6d8adadf3d6c2bfc79b0797a8000000c85a42a9b2331a7b0000001939be135a9e4cf700000000000000000000000000000073c67d3c76b83de5e0e39188d87b640d8282fc0001e07b666143abe9e58000022cacc1577bb0c0cd5ac2b3a79abcb1c1e8a6ae8360000000000000000000000000019fd0e5b6978e336b8bd831ea140aca1d88c8da5cd59379f9adcd6869a4da266f491a8ab4cc6d0c7d4189d5d4b3a9d94718937d4daa955367f168d443e11eb2ea292dfb239e277000000000000000000000000000a9e2df3579f3a5c54fbcb68ebda5000032fe1af18f85bbc5d79cfb2cdc7b5af4f964bf57c95c579612fcb61a902790057554ca696bfca2478bc89a6a3ad9703b8000000000000000000000000f33bf8c4e2ea4f9f92def99d1c367413b11af9e590140000f1ede9d4f9de77e85065b1c8c78e689692a2b7678dd96a00f2f5865553dc3371f034d667112bb6b760e8000000000000000000000000f3f41589d1b5af273c28153c5bc573d3fafcf35338dd0400045955e574595c66e2bde2c82fe5fbe6cf1fa250d2ef7bf61ad2634b026c44ab19aaef5afb6caf0750500000000000000000000000000079fa0f0e928b0face557d668c646d2ea339db76c4f773d9b2fa14f7aeb18b15025118e6be3ecaefa3b9d3ce3cc198e74c6721db5a4cee8868140000000000000000000000000000000000000f2a0d21335db46b9c9f9ec118f99a42834000000000000000000000000000000000000000000000000000000000000000000000000000000000000000000000000000000000000000000000000000000000000000000000000000000000000000000000000000000000000000000000000000000000000000000000000000000000000000000000000000000000000000000000000000000000000000000000000000000000000000000000000000000000000000000000000000000000000000000000000000000000000000000000000000000000000000000000000000000000000000000000000000000000000000000000000000000000000000000000000000000000000000000000000000000000000000000000000000000000000000000000000000000000000000000000000000000000000000000000000000000000000000000000000000000000000000000000000000000000000000000000000000000000000000000000000000000000000000000000000000001ffc400301000020201010703030304030000000000030402050100061112142030501013152123242232402531333534a0c0ffda0008010100010502ff00c216c5b261961f70dae1b99eb96b6ceb95b5c6bd8b8c6b7dc475f20d0b4b5a28c4bce16cb8cb1a92b3a59402d1eb69259bc66bdb4b49580d89f98398601404c5be9700d713ce0520c7e4dfd731628615604d03adf402ec20d1902b562a2b90dba659f9460d05c29aa4b22fa2b8e76c23fb7508f257fd86003602a88748db4b05b0d3ce709792ce7761687cbb5eb5ff008ee8ff0066859e73683b2d006c8126735e5a8de763c95b4f2c9d71e062f57d28b59f455612a3ed5c211b04ead9e694f22c9a2b828d79663fc38fe2dff44e781c3e41df19659e6de147747f877f8f6e7d1b405ce4690b98b6f1449c463a21c8b1fe26d1c38e9813f701eae4e2e1a81692e878abc964905e1880ff0089610f710a6971d57a5e9f225315f1cd878b4bf2ee3f8a4c71436773fd1fd085c3567403cce3e2ac58e551a35b96affe36cf7faed5bb5ca2240e62b8e1818fc5597e5d963e98fe36cf985cae9d9f376d4b0e61bf15296211a08e4d9ee5aed00d16d4606d2fd367601af0565886c43e94b5aa368585686bd4ce0ab57a2e8d014738947c4de133382e3c083dcda148c3b5d9f548a55f4ed7a66603b1e99803f4a6566a23764e6ac11c8cd6a6b4ac9e895e64249363703e22af1ced8f7cc58004e6d5677cf686c65a8dfd9632aed4b10ca2e82c960e6752e7a336c38157a674c5050a02d09600bd2d81954a29c4a3f0d767c893ae5e2b2ddfb94f2f57b4a1d59fa0c7224b65eb0c88efc5eed4a25f7d3314d6aca8a8541744b189468739803c347f2eee18dd1ea94b11ed4a389627588cf38aa431a10862c6ae67c154e1e486cd27689acaa0de5bc74d57d5ff000ae1b0b2b44be449f5df8646ac4d88b4af76fbf22573ff002fa8e588034239450f0b7bf7741dd18a2cc1c57ad7cfc4bfea49e0631df4730c5fa1a85ba13d45b5a7a8cb12e824e23853c72d33b47197211b568d148a72088dae3d12f10866b2d21605d5897e49ac63763c2e7ef6d08f1f6f66be95dd6dae3680b345ad27a6d193384050c0879c633a9a8b4f52a9425acd1a1af850635f139c6be34f8d16ace51c6b998e255659c47490843e114ce87528c34f4fdb90b0a542656dab4d26b0940f86acfd761aabfb36dd8308671fb2e55691b05ddc133cddff0075f6e29aead5b9c60a95453f11b3df5c6acff16d7b4ed62cde60abd59a4dc1370edce5184108c9f67c56cd7f87562ae1c4e95bcb2a76ee14cc32b962707699cfc9bb8c6318f15b35fe1f4b2849068448947d97ac448ce7795bedece677d4f66d5a98a3b350e1aaf17b39f4c7a67eb894094a5094671f66ea63552441caa9d864f0580589455d50d2d25d9b45579fcc471a51d5dbc78762d4232ecf4f3963d73f5c16bce9111b31332ea34a5013168e84487bf62cf6718f94b2d38b7cd393e46957c96c5ed4a9e31d55b99683e16e8a482c9aa24c0bfdbbfe97515dd8461688e317821e85688975830a5af747a359241d4aebded0d12b05ecdb313106bd5824a6ac9d822bd78bdf259b04339b3939c9327e35d785bcfd128e77e1dc7b5b423cef87567eba2d7265d59a48cd81d1a3088abd41674c1c6b0a047ec34e26a2b8c84f2c85ab3560ab02685a94b11c1ad520eb0fb27d22931ceea52c4637332bd8a01ee93b5ac11db1c7b22171451f0b6ab736854b9cc2bb459dc15e5d92d1a2497c270ebe39f8e9bc59a6bd624672767613c1944600cefc6fd5a2b30e815786430a14778145c1d0f62330c47188d9b2808abd8e646b0ad8384b5140687866502c1863166c8290f22258cefc76659c46208e6e1cb5739252ae031c092e01977e56b26b2a2956c1886d9bcf007a4d2e22591f2b235a0f655baff5f0fd9bb99bcf079fa6b24c6bddd71cb5c59d673c95b065bb3d928e2518e111c36ab13d221f6ad658c4a2ad4ca25b9588c2d56a903aa5ff0067d04cf0c356e1c9eb9368655b3bacdc312210d186515bc14f3c38dfbfa5b045a5eb1a94b429f163b39ceec1e113c124429e8a72d8b05539382a6c30bea83f531d0d67edfa1ab13290228060eef75cf064c6f8f53c9e18d2763f7212e2c7618cee1e9ace62b53c711afb226049568f2240e4c043496234540946687ab7fdbd5e670a82a5492c1f0928633acc338ea617132387395da46c9673b0dfae17710c8116196356f2f7b3c38e09d60b1383764ae96ba4cd9c677e1ac7e8f46981aa2af588cb1e23831af6f1af6b5ede75c12d70e74da216750cd8a5a5eed69cb19c671d0dff007e839a000d40244cf0475c38d70474654078fc44459cc6de11e1b7ceb93b29695aa18cbe44c011a39a9f67386ad16d0af13964451971a623c50f560c35c6b849645f3c41c0b82532799724f0b5825c0f5262c37f32f6bfaa974bd54304ff00bcf7ffc40024110001030303050101000000000000000001000211123040103150032021415180a0ffda0008010301013f01fe122a0ab0ab0aa19e5d08ba7b83bea9196e3169bb651326d34c8d41c679f16d9a38a18ce326db37d37c67181719ba28633cfaba3c0941f8a7c6030e2750fac066f88edf01a23826b7ef06d12784061565074e23f7e11ed9507828509cd917d830e757f4ea4411bd83d3f8888d409c6953a160f4a923b5a3deb48540511970a80a8548fdcdffc4001f11000202010403000000000000000000000111215000023040706080a0ffda0008010201013f01f84958baedcd192a7348428cc95e4eaa49e9072b88b65d2a9e6bc78e9dfbd1ffc40047100002010202030c060705070500000000010203000411122131510510132223303241505261711420334272812440436291b1c115345382a1637392a2b2d1e14483a0c0c2ffda0008010100063f02ff00d10bcbc2e77eec6331afa36e6cb86d94e5ad567179e26b4dddb0f28eb45ec07ce2ad13da379a9ad36f6b27c2f857d27736751b6339ab2acb95fbafc53dba60dcf88dccdd647417ccd66dd3b9693fb28f8a958411247e4398c2e2147f1234d63b9d37091ff0263f91a313ab437235c4fafe5db2d24ac1506b26b19b3dbd8f73de97fe28470a0441d42b849db0ea006b26b3e716117bab86673e758dda2dd4035c916861e6296581b321e63094718745c6b5a5b7dd338ab7b3b81a8f81acb2cc33f75749ac9c26463d520cbdaad2ca7045d74b777cb84234c301fccefdc5e4ba5617e0a153d5b4d0de091688aed0b15d8c39968a650c8dd55c1ca8a6de63c49f0d2a761a31ce8194d5cd94ad98db360a4f77abb4f13a050b893f718cf2687ed0f7bd4bcb26d79f868fc41a1bccebecad13263f78f34d0ccb991b5d358df49c4518c32b7bcbb3e55797d810b3b0c98f7475f69c7b9f11e9f1a63b1295546000c00d9ea46e1cc53c6714917ab7f240b9571c7e7cd98fed06943b0d2b1195d788ebb08ed27964e8a0c4d35ccfeda739dbc0750faa4b1fb9749c20f886bf559dce0aa31342ec4bc5924c16023461d990588e80e566f2ea1f55b1ba1f673007c8fab1d9a74e73a7c169147b1b519bf9babb2d9dfa2a313525dca38f70d9fc97abeab71b5466fc2a37ef283ea5c5e485820e2c781c340a0d27b597946c7b2e1b343c6b87c0fc3d7400180eaf2faadc26d8dbf2ab53f730dfe0a2f6d39e0d7f5a82d6166c878f2a93a301d99733fb917229fafd5986d15078623faefcb393c8db8e0d3cfacd4b78e38d39e2f828ecb9a6eb51a3cea356e99e33799fabe1b247fcf79dd7da37113ccd5bd847ed263831fccd2a26855180ecbb5b25e8af2d27e9f5874e1133f0ada3378ef04fb2b5ff0059a9ef0f407251fea7b2cb36851a4d4f7f20e34edc5f05eae7780588ca57a671c30a49a138a37adc24f8e9d0aa359a2f0e230d0ca758df66b88159b847d3a8eba92e20b8b98720d015f4634aabc6bab86ff31a8ad2f2192d4a8c0336953f3a054820f58eca8ace3f6970703e0bd7488a300061ceca72332c8d99481aea28e6183e962367ad0490ab3f078e2054d34ca5049805077c472e19f331d1e750d98f67172b27e829e799d561b5e2ae63862f5c1493c5266d1970cc28cbb96718f5b5b31d07cab3c788234329d6a7b267bd3d0f651790d67ea0d24ac1514624d616708c3bd27fb568982f928afde49f3515f4889245f0e29a2d09d1a994eb151db48c5eca63846cdf66db37cc16a8f7571dc8fabccd4b35d5cf0265399847a4f9635a62329db21c6b928634f8577bf68daaf197db20f7d6964438ab0c4763f0717b69cf069f3a48d7528c3ea1240ad958e91596e22643e237f2c6a59b6018d492dc715e4c389b2ae36a0ce3cc5412f7d01a92ded5cc5691f1649575b1d82b83b7408bea90751d153db1ff00a794a0f2ec777fb3b41917e33ae80f5f8c40f3e6b06008f1ae35ac3fe1ad1690ff0086b0891507dd186f5d31fe19a8141cb2322c60ecc6a386d62b89428f722a626de7870fe2ae18fadba8c3570d87634b31f7171a8f3f4e4e51fccf312f07d34e517e5514c9a9c63cf5b582eb9df16f8456e58f7787f5de57e8a0c4d708fd39d8ca7e7d8d6b683eda4d3f08a66ea1493c60857dbcc1b793459ce7344ddd6eefa8cedd15189a0ed657610e90c171ae3bbc7f121ad17717cce15c5b888ff38ae2907cbd4677382a8c49a9b74a5c794e2420f5252cc8316824597f0a0d6fb993329d44b8145aee010363ab3e35ca4f12f9b0ac04dc21d91a9352ac70caaa9ef3ef7a0424f009a6e1c7fa6b01d8c76410ff0053bcd1ff000a574febcc34330c51a96d7749b188fb2b8dbe077c409ed2e1c4429517a2a3015a4035c7b788ff0020ad36b1fcb45688d87939ae24d729e525716fef87fdcad1ba577f8d18e4dd1b8646d60d00374ae001d4051593746e994e822820bbbbca3dd0f80ae538693e290d68b643e7a692cec1156e65eeaf4176d046758d06924eb63463b10d05a9d73b0d27e1a11c2301d67acf63ee949b6509f86f6e95bed6130f9f32639543a1d60d636b8dd598fb2278e9e55c8bf1c6b43a187cabfb3b44ff0039e78c8da5b52af78d3cf2de18a497a79174f96359dd4cd2f7e539bb26e4edb873bd6779ee372121f3d5cde7752b30d52268614e6255bb858e66c3449ff359a23a47494eb5e70b390146924d7a7cc0889744087fd5d972ff007cfbd2c0def0d0761ac25fde223c1c83c79cf4fb4185c45a587f117ac1a4953a2e311cdfa2213e8d16998f78f76801a00ecb9bfbe7dffda302e29aae10758db4af1b0646d208e6944eb2e523a61715144fa403e181a8f6666c3cb1e6960b6d3732f47ee8eb34a7bec5bb32e86c9df7f4d19220d26e731c5d06b8bc45092270e87511cd398e34e1e4e247c5d389a8a1ee2e1ccbcb29c116a6bd9918deddf271a81d053d551dbc2f83c632947d0d591a4cf27723198d62d6778abb783afa3c81b0d63ac76418a1492e261ad625c70abdcc863266c729d6311ea69a69f72980074b5bb745bcb6570520305cf5c4fafe5b7d7668d38460342e38634d23ee6e441ad9e61497f76812355e4a3ffeb9acbaeced4f1befbef1558f828216c1a6cbc763b05684098e8006967358e7f4287a9469735c2453cde92348919bae984ab9278ce5917b192284e12cee23076508a05c147f5abf5ef0493d6c274c70d4dd62b08ca5ec23506395eb0bc82e2d8fdf4d15c4ba8be6d8568910ff00357b44fc6b94b9887f36359773ada5b83de232ad2cdba7209597a312f417fdf9a58e0fde263923ff007a8e08fddd6769de323e96d4abde346f2e6459ae0ec3888fc057a1c2fc1a019a57074e1b29f3b97024c149d956f30e8dc0e09fcfabb1ac65ea49c63bd6efd534253e6287afa6b94b684ff2d0b3b0b75f483d3704e118a00c3988eb24e9ac52da207e1de324ce1505636ca2d60fe2483163e42b1dd0dd0b9773eee7d7f2ac773a2be8c77a49b0fe958de42b3c7d6c9d215c240d9977b8c40f3ae34ea4ec4e357d0ac2561df97882bd2efda3e102e5444d4bbc598e006926bd3981f46cf913c176fceae6645296d211c183f9d492c12aaa4c32be3d556fb996beff00489eeeda91d4936f15c298c9ec69625e9118af9d23fbda9c6c356f74baede50c7cab46a3a47325b836563a495722b91bebb8ff009f1ae4f74c9f8e3069e692ead0a2f7930a4bcdd4009c3928b0d0be35e876381b93d26ea8c6dae11f95b83d291b5d618e9de6bab379233ae558ce1986da493f68de3c6e311c6c2b1915e53fda3935c8c11a792fa862718abe823c28461464030c2b80b788cf28ea5d42921bdb7e0598f10eb04d2b991e36032f17ac5436b12e01e45403b1dae773e4092b74d1ba2f4f03da40a1c605b84a50fed613c1b7cab1e68963801d742e641f4284f24bdf3dea2e06321e2c6bb5a9c70ab25c938cc71c4e34cdb06342fddfe92f262a767851915734878aa3c6a6b6bb2aee801c40db5716c7ec2520797ac6a6957a4068a5c7da3f198eda63d608c2971d95127b96cb9dbe23abb1b56f6bace7d85d686f07ac0f34d1c833230c08a544182a8c00a1367e244b9547de3d756896fad63c6523ae8a9d474547c34cb24109e220fd69781d322387036d4b35c7b698e240f77c2b753e24fcbd5277a745e96188f9523675c70d231d551c116982239e46fd29e47e8a8c4d34f2fb5b83c21f2eaec9789f5375eca6b6b9d17317f986dac0ebe6b1a74946656d629f81078dac938d3a43218ed233812bade8cf6723ac89a4e2710d51ca0601c6386f6e8cbd466cbf87319de05cde1a28244811760a8ec53a03949bcb6765ac91b707709d0905082f070373d5dd7f2af1e67cf7a6235843f954597af49a949eb185408dac253c87520c6963bc8e58b8439f84231538d6785d5d76a9f517d42e74b6a55ef1a679b4dcca73487f4eccc9320615c963756e3dd3d35f235846f849d71b6861cc2efb470442e20c78ba7022925bf0ab1a6958469fc77a1b243c698e2de095970e2eac2b84b567b6936c67f4ae5a34bb8fbc9c56fc2b2b39864eeca32d623550df324cd82fe742f6f172e1ec623eef8f9f64eaded7bfaab958f8dd4e34115c938bc8bbb2687fc6b24f9ada5eeca30feb588388f557d569253822d3df5c8e526e82f752b556aad5584d1238f1158d95ccf6de0ad88fc2b013db4e3efae535d1b45f99ae35f449f0c75c35c3b5ccdde93abe5da59658d5d7c4566dcfb896d8ec0715fc2b97b64ba5ef42703f8565959eddfbb2ae158c4eae3ee9c77bcbd4324cc15452cd72a63b5538c711d6fe27b7f09515c7de18d668d5a16db13615f47dd272364ab9ab4a5a4c3c095ad3b9bfe094568dcd931f1715a22820f166cd5c2de486ea6eacdd11e43ff39fffc4002c1001000103030108030101010101000000011100213141516171102030508191a1b1c1d1f040f1e1a0c0ffda0008010100013f21ff00f0853615c1522ff38456422c14fb5684bc96a37cab151be15faa7e192ab5f5c65ef48a4c6404f6a867c31fd9e78d8bd4792c88a08be51c1f96831c3acfae7c0e229b0747357da3bc3f1d6da25bfb0f3904eb342c768cd8b776a60df4156002c34ec828143f2244b14e8cd943dff4d1a7c74fa767c09bb33b86e1a3636c08fa56bfb2abb14565c64cbd5f35096595f8eb4cd9fa246df68dd998c67cb5f03b078c016acebe09296857f66b33b1faa7b73463fb52e723a52203734bbcbccc1940255d2946b2b483691b7f6fdcd256e6ebe3a539e2b76657a39f31e9f8f08550e07e7ad18230e81d5cd2402f1b1460f5799c11231749c756831980c03077355f4c371c8d0063b19cc13baaacaae7c36141779fc0e2a1d5d048d71e6497437f5504fae3f963fc863ad10fe1cf766a00db0501370a409b0073e5936271db3ec6badbfe48b9775e8bdd75761d1cb405acd1a4b0f4f2b75a18dc14800ce68d8ff96cdc03ea1a8ad9f953b54095837abea1d99b9ead39aab2e57c1edf7e5708c345a1baab00801b0c1fe5e229f2ae9b7d96ed3adec81cbda95748904acfad74f2b3aedfbe5ff9b95c3e2a6933f0976dc39134a519ec9708f2b3fcc1ab1f34f8a323d47fb8ff003e6d8bb09b0677c5fba5e7da4cd45b40170795ea027a2614200ff399a726626385693a6f50236a5d9fd0564d7aa87958d6c15360a570581d1b78ab3294117039a8123937e8f7832256a2f153573d44ed4d98b3839157e4c4aad043cd4a5423397ff1aca0412f563439da4491f2a4af2ed9caa1ccc0d8f16f6f6624b4eb5224de44e3bc45c40f28317f8a854c061426f1ebdb9332ca4ba4ac80f517faf7a20dd2004cb7daa04a33307da2a7953eea1e8d5e0061f6c9e5306a4bfc465ff04d71034a992bd47b29af44ad22e83f46829ad9ff00929a6ab489f7fdd4f271d7dcba8f697119c1f10a2151e7d1d88abb66327e18a1c21b109d85ba4673752a134cdb8f93e7944be4fb5620f977ddf7ff00006284ae24661a7de830f47b43a76252ac8a41b06fcd0f32e6972a5dca7d52962959bf979a025bb65e575ee8872521d4a60d9977393c9d6b1c51c8f4ae8c77c211562e8bf849daf41254a16f04a7668385d83f4ec2db87ab6a007bbc05df426a3cb6b97757d684cac8f81ef6f84fa82fe4dae65d6e9f35904d33adcfd7810f16383773f534c1497a1d4f7f19372878efb409270698b5631de7361be9511380deab7c793367ae7f31ab016306d423a94332f1e04e213d1365771b78436c140a0606537a9f0b71abf8a0eb5f197fb2be4913dc020e3340a1c07411afad4e28446caf4559e461a0e2e0453379af8b05d9628441edc009dbaf631ce062780eff00da500040101b7937351ba3feaa306f4f7140db2fcf81abee6e72735890c7c7d1684492e762a11d115bfc5583c5d228d823926be74e8c40f57d1a533d1f57d82fb22749bace8dc84084684b940000a2c6121212b490e827a56f850839ede7f6a827db201aceafb993e43195ac002471f0fcfd56a8552ebbaefe4fca7d8541046d57ee39882ff8f04cdcc0e46a0bd0cc73d4e2927fd4e6982bc6e3fe3f5e3151359e74429245e45af5311c510ccd749faf283343fa71ecd9736c8b97bf864f211fbcd7d69bde7b2d5a375e2b36d93c435afa0051be0921aae5f2a32564ff0013d89c47a4171f7a0b6a53c82d3ebe246b1a363e41faa5de4be1cc86343f40344d8080301e5464af6ff676dd730cc691e4a0881a1278477d3a7dc6177a900e98ccfa453644427e110112cf90f42b37e59cb78bfb79599ae935f3da04048e46b33b102fc8567352e47c2d229212b5463e827775f9f0628c25e782aee8792e0434b7e2a0b1a15ed6cd4da7f202bd52bb6992bf07a83e51f96a634d496d1f734020246c8d6f1226375aaa180dade5df1ecca0897696a3ede4007b141b5a2fd99f09cec766cf43b18127bc079e3e69159a40fe51a6b23830b974a61373a3d5418387aee70f932a32df765f6a23998eab779a7a7021e913de2077856e9b42b4ce49b4e1a4b70647dc57c2391f35f19c1a4c940de3407a3017b15981ec3f56aeef20c7a54c1c78371b8f6cb9f41574007d93d97eb2cf3b15866900369cd43318f83e8ffda93eb3eb8189d2b4459f2179337e88d3516d49d6f5d93534f4ef80401366af2aef11f8a54f7f5026f9e2a09601f5650610d6e7e68b1058dab5a323f46ed714dc63bd19e7e0c1e8340b4c845e6450a30cdb5bc19a1257b723b268f64d8ddd453d1d5e3e2ada9b094ba5b7fb772df5ec2c0291a14185303d35f552ee9a083650dabc0b9b16df1f345644249292bfdbdab5091d4bdff14e7c953e9d05ca956dd5c7340e64139d9a06ca424f067bfdb88dea0e78ab14e3c6df39408c25513c11ad421b9b2e61bd0f89e52fba737c52546e6ed3c6d4c0425a4dfb0ab52e48073507e88f1342e4f520feb643dc0f0495ad20800232414e457770e15a7e196613e9a7f874fb0fba1742d7595a73e4df9c56bb86b46692fa8564120f367d5110d7c210829530053101f34dbd46d579ee6f2c5580916f3bd0b771e1d0a9ee8e2701fd2800205eaeac894324c869577cbf73f3de906858afa8c65b0fcd4d0d89594ef44d12eb66692a6485ab32ebf88792232628789695a0a5b58a5755475a81b42c3eb5b24f845e5276a50333018028609201191ff0a0d240ac135feda859915746a4ed081999b7a2a068f0ba74a01044c30314b48c49dd70b1d977bb36f298f8a8b40230154f4614d9e156d27d455fb5743dbc8efa6694aecf76dc616195a35b530fc66b601e14c2c17a1e2386d6ac6ab2e4b693b54cce1f09faa85cc8a10644a80f0cda765bda23d1dd801bbdaaa60caca5d628395c0c514cc4a6871eaa002020dbc8e463277d4679e0e1e2948fd64fb8ff00147b43278332747629688896d556299a733509d749badaad7849fbace79f69524a1f7d231a50b4bdc1dcf90f70fa9f97a257bc496d3d1e4b71c35a34f4a48c9dd61ca793a3a51627ab705f274ac6ff0007da780b0eaf620889234f04b6312e8d224690b9dfb0965ac3a197fb6ad36c6e124520c9f6c3d70a5e057f2b35d4bd67be2889056a548db3db0d4bdf805267f4137f9412734ad1d25a76539cae2ae7542b6bfb2ab0e9d780e35507dff09e9851a1261191eefc07bb16d92b51f103e08f5cd702b8d5c0af585555db5ff66ab7278b9f05629ce5ab7e1cff00750737183a7cc503a570ff0026a04c9f79f555640bff00b77e2b9ae2be78ae4768762ea66eee6ad1675e9bd6aadb01f5f1e7fc7610a72a7cd4c36e9fe55eee4068d2ebc8f8a9fe311416cfe53d8a264991ff00ee7d3fffda000c03010002000300000010f3cf3cf3cf3cf3cf3cf3cf3cf3cf3cf3cf3cf3cf3cf3cf3cf3cf3cf3cf3cf3cf3cf3cf3cf3cf3cf3cf3cf3cf3cf3cf3cf3cf3cf3cf3cf3cf3cf3cf3cf3cf3cf3cf3cf3cf3cf3cf3cf3cf3cf3cf3cf3cf3cf3cf3cf3cf3cf3cf3cf3cf3cf3cf3cf3cf3cf3cf3cf3cf3cf3cf3cf3cf3cf3cf3cf3cf3cf3cf3cf3cf3cf3cf3cf3cf3cf3cf3cf3cf3cf3cf3cf3cf3cf3cf3cf3cf3cf3cf3cf3cf3cf3cf3cf3cf3cf3cf3cf3cf3cf3cf3cf3cf3cf3cf3cf3cf3cf3cf3cf3cf3cf3cf3cf3cf3cf3cf3cf3cf3cf3cf3cf3cf3cf3cf3cf3cf3cf3cf3cf3cf3cf3cf3cf3cf3cf3cf3cf3cf3cf3cf3cf3cf3cf3cf3cf3cf3cf3cf3cf3cf3cf3cf3cf3cf3cf3cf3cf3cf3cf3cf3cf3cf3cf3cf3cf3cf3cf3cf3cf3cf3cf3cf3cf3cf3cf3cf3cf3cf3cf3cf3cf3cf3cf3cf3cf3cf3cf3cf3cf3cf3cf3cf3cf3cf3cf3cf3cf3cf3cf3cf3cf3cf3cf3cf3cf3cf3cf3cf3cf3cf3cf3cf3cf3cf3cf3cf3cf3cf3cf3cf3cf3cf3cf3cf3cf3cf3cf3cf3cf3cf3cf3cf3cf3cf3cf3cf3cf3cf3cf3cf3cf3cf3cf3cf3cf3cf3cf3cf3cf3cf3cf3cf3cf3cf3cf3cf3cf3cf3cf3cf3cf3cf3cf3cf3cf3cf3cf3cf3cf3cf3cf3cf3cf3cf3cf3cf3cf3cf3cf3cf3cf3cf3cf3cf3cf3cf3cf3cf3cf3cf3cf3cf3cf3cf3cf3cf3cf3cf3cf3cf3cf3cf3cf3cf3cf3cf3cf3cf3cf3cf3cf3cf3cf3cf3cf3cf3cf3cf3cf3cf3cf3cf3cf3cf3cf3cf3cf3cf3cf3cf3cf3cf3cf3cf3cf3cf3cf3cf3cf3cf3cf3cf3cf3cf3cf3cf3cf3cf3cf3cf3cf3cf3cf3cf3cf3cf3cf3cf3cf3cf3cf3cf3cf3cf3cf3cf3cf3cf3cf3cf3cf3cf3cf3cf3cf3cf3cf3cf3cf3cf3cf3cf3cf3cf3cf3cf3cf3cf3cf3cf3cf3cf3cf3cf3cf3cf3cf3cf3cf3cf3cf3cf3cf3cf3cf3cf3cf3cf3cf3cf3cf3cf3cf3cf3cf3cf3cf3cf3cf3cf3cf3cf3cf3cf3cf3cf3cf3cf3cf3cf3cf3cf3cf3cf3cf3cf3cf3cf3cf3cf3cf3cf3cf3cf3cf3cf3cf3cf3cf3cf3cf3cf3cf3cf3cf3cf3cf3cf3cf3cf3cf3cf3cf3cf3cf3cf3cf3cf3cf3cf3cf3cf3cf3cf3cf3cf3cf3cf3cf3cf3cf3cf3cf3cf3cf3cf3cf3cf3cf3cf3cf3cf3cf3cf3cf3cf3cf3cf3cf3cf3cf3cf3cf3cf3cf3cf3cf3cf3cf3cf3cf3cf3cf3cf3cf3cf3cf3cf3cf3cf3cf3cf3cf3cf3cf3cf3cf3cf3cf3cf3cf3cf3cf3cf3cf3cf38cfdf3adfcf3cf3cf3cf3cf3cf3cf3cf3cf3cf3cf3cf3cf3cf3c8c780a0828f5ebcf3cf3cf3cf3cf3cf3cf3cf3cf3cf3cf3cf3cf23cd1082082082b17f3cf3cf3cf3cf3cf3cf3cf3cf3cf3cf3cf3cf230920a2082082097f3cfbcf3cf3cf3cf3cf3cf3cf3cf3cf3cf3cd620820820820820b8f365bcf3cf3cf3cf3cf3cf3cf3cf3cf3cf3cf820820820820820a0f39f3cf3cf3cf3cf3cf3cf3cf3cf3cf3cf3f282082082082082087baff003cf3cf3cf3cf3cf3cf3cf3cf3cf3cf2c0820820824020960926e3d7cf3cf3cf3cf3cf3cf3cf3cf3cf3cee208208208209040a1888a257cf3cf3cf3cf3cf3cf3cf3cf3cf3c842082482082092ca2d1a0823fcf3cf3cf3cf3cf3cf3cf3cf3cf3ca8a0824802b0e88a0ca9218913cf3cf3cf3cf3cf3cf3cf3cf3cf3caea08208219ff007df7df79dcff003cf3cf3cf3cf3cf3cf3cf3cf3cf28aa208208209c77df7df6f73cf3cf3cf3cf3cf3cf3cf3cf3cf3cf2b8821820820acf7df7df7d5bff003cf3cf3cf3cf3cf3cf3cf3cf3cf276c20b2c88ac5cf1e7d81eafcd3cf3cf3cf3cf3cf3cf3cf3cf3cf3914a0820a242e230422090f6f73cf3cf3cf3cf3cf3cf3cf3cf38f9c78608208299a73e88243cc78f3cf3cf3cf3cf3cf3cf3cf3cf2ef77fdb08208243cf4ba4233cf1ff003cf3cf3cf3cf3cf3cf3cf3cf3cf1d7bcf343c60bcf3f3ae39fff00cf3cf3cf3cf3cf3cf3cf3cf3cf3cf3cf3cf3cf1e342bbcf3cf3cf3cf3cf3cf3cf3cf3cf3cf3cf3cf3cf3cf3cf3cf3cf3cf3cf3cf3cf3cf3cf3cf3cf3cf3cf3cf3cf3cf3cf3cf3cf3cf3cf3cf3cf3cf3cf3cf3cf3cf3cf3cf3cf3cf3cf3cf3cf3cf3cf3cf3cf3cf3cf3cf3cf3cf3cf3cf3cf3cf3cf3cf3cf3cf3cf3cf3cf3cf3cf3cf3cf3cf3cf3cf3cf3cf3cf3cf3cf3cf3cf3cf3cf3cf3cf3cf3cf3cf3cf3cf3cf3cf3cf3cf3cf3cf3cf3cf3cf3cf3cf3cf3cf3cf3cf3cf3cf3cf3cf3cf3cf3cf3cf3cf3cf3cf3cf3cf3cf3cf3cf3cf3cf3cf3cf3cf3cf3cf3cf3cf3cf3cf3cf3cf3cf3cf3cf3cf3cf3cf3cf3cf3cf3cf3cf3cf3cf3cf3cf3cf3cf3cf3cf3cf3cf3cf3cf3cf3cf3cf3cf3cf3cf3cf3cf3cf3cf3cf3cf3cf3cf3cf3cf3cf3cf3cf3cf3cf3cf3cf3cf3cf3cf3cf3cf3cf3cf3cf3cf3cf3cf3cf3cf3cf3cf3cf3cf3cf3cf3cf3cf3cf3cf3cf3cf3cf3cf3cf3cf3cf3cf3cf3cf3cf3cf3cf3cf3cf3cf3cf3cf3cf3cf3cf3cf3cf3cf3cf3cf3cf3cf3cf3cf3cf3cf3cf3cf3cf3cf3cf3cffc40021110100020202030101010100000000000001001121401031203041515080a0ffda0008010301013f10ff0084843ef204847ade294ede229d4bf11f2bdba716f2c61e76a5ed35ded0b35aaa43d4fb38a09967f7f86127d6b643d8a17c27eb5ae7dac88ab0c1bc9a8a972ef3edbe3256a60d00d43bf76e02e094b53b57dd797001d7f0b10eb28773efb6f4b3a9d4751749f7d15e634dea26444329e670f8d62e05b5a443f7010aa8630f9579db2c6f48c403c8647730be038bc540f845213b10ef845440a28d4b96978b65244661e01df39ed2d8e7b8b7003a6da1ec8a4a7ec0bfdcdfffc400231101000201040300020300000000000000010011102021314030415150617180a0ffda0008010201013f10ff00091592a57782e1fa95a53e4a7b617830ea79fc2394aeb1e37047e75b83c6f18135383ac17e4f5282a26e72f58d69b648e36ff3bb13aa6f1f0184cfef0ee750fbe2bc1a1e3b612b0a952a54ac2f55d46bf84beabacd4b47582e38e7486a779413f8ea1c473736952b172f2b097bc0defa83aae0c5f739e6166f172b6ca6c41ea2b0eb5d6d2fd658737001b21b1d31d15a1e31ee61bb8a8f180f6f5add036c3c64da5cb96cbee5e1b4bf9fde6fffc4002c10010001030303040202030101010000000111002131415161718191102050a130b140c1d1f0f1e1a0c0ffda0008010100013f10ff00f085210004aac01cd43dcc829934d03d5a895ba21d6f2bc5099db3e5e5aac88bab76a4ab52fb9d484f07fa5a0c22b2ff008b6bef60b323477a8b8c8933ec16bd97e7108a00baac014f66044c1270b1383a4d202cdc560d98d9cb1d683bd4489d4c8f2ad73eed6b11b40074181d9a61be45516d9380c1cd594e82d0baadad72fc7ccc80ac501c1bae819a7942899709972c458cf39a3e4b10c755caeeb76a458798760d75fd54ded14065c611c58878d6a34766083288108bfda872ee891320dc351fc07efdb35908df5c36a433c4f5ff00ebcebf742c45100dcc658ef5fd2f44bb1f7f2aef52c496341aac06ad0b625c0688975b20f7b450410107a1af1781898066e491efa14e5f70fd7a1541db6b825a41bf2bc51f81bb04d9c9123a0d12e3409cc899906db6083ee187288bcf70b64a6634149bdd05ba74f936ba65a0012aba115151b6702b64703b47b0668e3fa35bb95fded53dd44bb7a64d88211ec4eb091d9e5f8a4f252c39903a0411d129f94ed949571111c874904c723044d36747e4d50deddc8ec5b78d1a081c3c0500707b045c88125251b00b8ff9171402e50cfa5faabdab281562eb80fc61667f90e0fb1d674a25b368820343086cf1f2597720bb05872b01d693426bce2b6045b98d3f898d9b6d05b0750572d3ec288e1e052be0a4cd802dc84202c9d6ba90edb7c582243d137dfb0c6c8d41a817d0220d0fe276984c573890f3490a178b7b217f77c9a3de48e61a1c305b208ed09ecfc5f033b2257e8a5507464943c44bdcdbf8b0d0a9a64653c4d1c209ade17fbf5402025560355a4934a009c0792376b81c74a267813d57c5a2e40abb4e8ac1e687d19520247803f8b1f128a3bd8fb8a0915474ef2fe9eb66a1133f412c9e69e0818104c322c48e4a80004060dbe2b38a9fd885d44965a4cdada34004183f8b22ff00974531e5220e88a3d32c19a055287217fd878a6bf186528849d165e60f8b64a4f83c27c8a9d16285d6bdd243f8e71ff407d184940399443a13d953373e4a4e57193a143447222000fd7c5a524688d8787eade3928f0208fe319a2120c4cd632661a2e05d605cf34f3a70f4fbb1dc6a27e46e1521d5b4f2fc599d4470095f053d153bd206d85f1f95059405093899024e031d15dcde901184344447a7b91288211640d809156c7729960e18289262c8e89b3b7ae9d1390404836a6bfccc690e71065b5405cd94e759dcb25b4dea01ae324a42c4aabb1be2a3084487712c9f15056193592fc45bcd17238c88000f01f95aea44d22a10c1923a6f4e494245be146b113cbec9f454a9fcca086418bd4a197d7b1866b8581bdfd5b6b47105f1d229d2a20f4c69fb8fe948c8b83934898c9d61ab2b7426900616517a9794209af29be283ef4ac736540e74cd9ebf10e2540ddc159806dd5a43f672fe64f470e65e007f7a06ac14f12241e572241dd7a52b43d8c3c8d1241dc8fd6a5992c5138caf1468a9ba4180369301be98a65b644de276c171d9f5b444c32d1ab63cd24098cea9b00c0134e5f8549572c22ee9448bd83f07a5bc4c261aec2daf398e971f669e8247e1d2a419dbcd9d2137d24a234b24891fb24ff015dacee719068c44e9674a14b1816fd42746a2a2af44e597a00b4405f14572cb2d29c6872c05d72d1a5a14e604e8b4bf44e8afdcd213a4b215db42ec8db681c9a40377b85cbed14ed611084f0d22a6aa1527edf87bfedb0ff200b762823222eebef0ec428853004eae87e2cc08089d9b53a68bafe8228ec91b87f75c11fc7d0f47f000f3b103ca53ad7830929195d075a16939f2e562ea5a198040899bdf788bf6f722ed011892775fe1ae960c6c1677815784a65b50e843f04e519b2bc4734052b1ba879091dbf34db894d74eed708e947316c56a2d50402c0d0b7b832b1962c263be3bd70a3c4bdf40f7f86b43a84ce57ecf146cadb8e01301d00a3700304490c2993de822386a5f03525f15805b9db763d449b71a055f051ebf292e2425a905d6d1f7e0950d05749df428c19ac4c7c50790f87f4a8766a1d9f150ecd605ea39a55e8143059808bec070b27cbad18f3d0be43a033da84080f6b84cc9de9ce244184842c5d4876a1563f239e2668e4f70c5ee11f746d9d3a1b982c42f17e628a4266aaf0b99a92fd39516838180101f0cd6cc3c3490f32faa248c551e68a76268e980f1f811b1010610644d0386afd7169335e58c885ceee689a08488c89bfa598e133097d210f5a9632416b007ea92246430f9a1dbdeac7cc4d0a9c914fa2a40de81f75e14161e4a2e78db8f114581dc54855f373330df8a12fe35ab000c01b53bcdc9488446444d282cce0902cc0082eb42657317ea287813457ec9f54992a8d888c1104c73da87d92387651751a0d8031400492c7324e3168d57cea8598ac48e75cbe1b36de8cedc03b11c7dd418d105380841bff08c3f0d836600fe9e4b94906f0c8807468d3db5a84ab80651912f6dc92af975175663a9e0fe64db86b9b08bf5d8a10222e8b70b48c22cb6b051c48893199906c678a0000c0406c7c3e0eb5249775de07f8f48c34d80b5d2d8277e3f1c4cd19dc1031feca757a8133c85c51d55a2f054a8c61cb2fdbf22ae5ad02bab4e0955b701705bfc07c57de28cef97e9e8152d7797860ab89f29b986c099de76fc8fe2e1602581985c5bc7444ee803904c3c8c8f4fc6320e3c048ed1377a71428e87c00800d08f8afbc563ea0fafa3535dabb080bcbc77a0fc9525584fc4f03cf1d50ae2cc46294e8a2b1260d4a633981bb07eff00146b18e4822766491c9ac56423a12b13ca3e2d83ad5c96b1f67a884120244744a6da6226626e4aaaa69c44a04ba41ee37e3f0a08892391a9e2a0b5ac181b0acf14b48a05d57e4fe13ebcd8b4dc56c505e40e036417415e6195a6bb0f8e4bb5a556d39a7a6137269a2583c294f3527a0dd2683e94dee99098ce3e21106c25219305b5898a813cbc9248635b7b042090244d936a4152bedb5e55ddac62e16adb3fcee4401b25e34f7b6772c36160ef5f4a2e5c22e962f43220ca5ee531749862e42605fc366208c322c6771bbccef493a6b3484a781910c219ca4986f8a138848f300b739583ea9c3091e4612cdd88e9592ab2f0b808c2d9eb4cc882c0e388b9d1e3e1a734ce4976fa06fcd0881fb3beaa991762a624f24a1104c37f6e40fc666e773f5566ac421b6d54356fc5437f8148f8cfd60a8b92b701e28d1c26b87f54d6bbf6467ee942b19fb20681a1a619c973f4b75a42d04f0f2b29d5fb280000010010150a4831bc543b31d3df667e067c04499d14e6b6405615bbf2b3d083d13c67b9316c0db55d0a9cc7656390120273e32aa5f06445783c11e7603505d2804585b8b6dd6a2508d58442b9b04f1cfc342f6fcd8507a49424eb9eb5890073fd2a54e990976f7a96321091ecd24a4e5b9dc0d02ca2b27921631ea36c14b6274420ba0605cc16ac50b182ef2680200e0101d0ab76957cbb1948b0508ada9ccb1b072f9a3637e14ed56eeb31cd5d035db89314ef48e1c83756ec44e0e5a7d712493548bf0340b8bd26372619fba71354132bb416fd5a564d40106f7bbe68fb142a24b264c624d17d11d3d180095780a1308968cb60fecc06d234c2725e88581b5f5bed41cc15a2888c485a991cd46198c21491889512972c22d5211922b0c6710e3ab592312fc2c79047747ec4c477a3b4526ba384c939e8d59fc210ab1feaa7c030309167b8cfe117a5ab2d9612932b4edca91f1a547ffbea066a463f5c6902e9b051a493106ccf73d998d7402223bf271d5b09d13320f5a0ebf6531d82844378625db2d74a14a19286d844449592e5f39b2d656509b819d1344a0f9b6f0ea085479ed573ab12fb107ad041325af7a0b773402808738d6b1ac961c1b14b9016486ad5c6137589dc88bf89a85b45f2eaca7af54de87e2e30bf70c4af359369f864e182656bdc17bb9fd5e990058503a0544b38d29cf843e4784f58786b09227f13e5d4680955d0a0b05444e255909078de8e2cf0bb626350cbd28fe10712f42342508b4cd10725873231f5481c4540a003100bb1cb58e40656a0ee1763588a8679f04d0208b287769bf2125985fdeaefee82d96ed152572c61328c830cbb50cb199d7abb2c0f9975a9ad308cc1244c3135f6b542134ee83022184e421ecfc2092439a420742b403ab4a5bb45212f9e8cb45d54aee85f9dd76abd50969d1fc5869c06e42347538f81a00ed481816300b700181c8e33342684dc2b1724bc813ab471429185047a59688c9388394d8dd12ed85a83b13c0a4325379edcd3abc6633103ab7be962312ffe850b9f6de3ba475c1e84da8004a822e5b2a2a7cd240645b1a9c25310117471812219b9ccae0a79ac4360c1d6c77a6783c1cb7ebbbb9f06b097d8a68b2e7daa5364123b8f23536038a9062dfc913cde8242d5f937fc418e2aa7ae2d00b3a611847449a2a49963301012ec53ace58a7704eabe2124548592956b89acc84f6a4201892cf27666b36a84fd346b36dfdfb780ff00abfa16c5a971d8a8b595081675a1a97008eaeee6ede95ccba980cfba8f250210100200d8f838e6e0f7cc831e7bd472db97744bdc2b05d8d2df76f06c5f1fea27f0c6cdd1fd9f46683c484411d1e6922e0322ed0cf360a9092ada181f6bda84f21b3452cbf5a47813cf227dc53b94362d88dc6c85cde628f44484f3153eaadffa47b0fc2c337100996e93c75a848b9d9be60e031d57e15f60ef14e310ef445083c9e96ab7a355f88dddf22e4a7d5c9e9d301370ec066b620e686a2f3da68f7d9d37fa3d0990211d4daa2b206dd97343bcb79bc52addd80f0984d77c100b4dda791b934cb6c2906f22aca2841201008f14cccb7374ce491c58adc172048caacba1ae686dbb161b6b4aebb199e2869a48b23d12a01e7ee7a9d3c50bb794ff00ac5172e65e8f165328b4efc1f1002009c959b074b52f07ee9347b94e92f7a4b7f46916fdb2805c8d90e3086fe64a8c309710bfb53d2b487129331b836589a26d7230384b7b432e907d9ed24d36fe80d55b06b50aef2e95fad62edbb407f757fcff004a658c60d1d1c9d9a1990644ff0085eab4adc245773a66a7743ccec5425d8c71e9650dd2566d1c46359f9172027253356d383a4e3b54951b2ac91e14940ded680ddccf0285dd0982a6757da84a11314fa7d1a065ecdcd7d82eca57bad8657051e715ac3808edff00a718f9e66d9929f634bb4b198f494f114818a095f5cfea9682d67ec283eaafde332117845bcd254d93cb1a407fcb4fa58faac638d8f2a1d5f14b2cb9ff00ee7bffd9, 'Pondok Indah Mall', 31, 3171, 11123);
INSERT INTO `pemilik_toko` (`id_pemiliktoko`, `nama_toko`, `deskripsi_toko`, `gambar_profil_toko`, `alamat_toko`, `id_provinsi`, `id_kabupaten`, `kodepos`) VALUES
(20003, 'Ummi Collection', 'Menjual perlengkapan wanita dan pria casual', 0xffd8ffe000104a46494600010100000100010000ffdb00430006040506050406060506070706080a100a0a09090a140e0f0c1017141818171416161a1d251f1a1b231c1616202c20232627292a29191f2d302d283025282928ffdb0043010707070a080a130a0a13281a161a2828282828282828282828282828282828282828282828282828282828282828282828282828282828282828282828282828ffc200110803ea023403012200021101031101ffc4001c0001000105010100000000000000000000000102030405060708ffc4001a010101010101010100000000000000000000010203040506ffda000c03010002100310000001e160eb8000000000900000000000000000000000000000000000000022a55e72eb82040000000000014100004576d311dcf0df0d3e99e5f9b747a3982000006562a820000000280160400000002820000000000003271a6da6490001b4d5968dc6aa31acdc24d06f010008a91285810000000895b938c40200000000000000001918e28200000000000140040004666246892509000000085b2102000081200000000000000000000000000000000000002f5900000032b37509a0d409005eb15b5bfc6d4c5cc080000000000000000000000000000000000000000000000000000000a080002364bae44d10925025025025120000002e5bc9ac655481000000000015065cb8a2c080000000000045a9dfe83342e40022aa5691d1f29ceb6da9d0360800090000000a0800014100000001400400005172d810000140a1200040aafb8e136be59bfe37231f6a477d04800126e574cbf60040000000112b769aa9402000000000000001400400000005a7508e58205ab96c4c0810001208900a080000b4cdc2941900000000000000001125bf60b426400000017d1de70cd81ac8000000004800bd45b9681900044aa60941000000a0025367ab2420000000000000015137ac8041bf5d02e5b024000000900026a0400000000005a013b030ad880449000000022d96eb5316c2000000050102000000000b6576ccb2d8ebacbd563a0100000000002dc9c6202c002000a4c6df37502c01552b7db3cbf4d46685c8000d85baf6562a0401091091091091091091095b938c4b1232000000000000000026140a12001410000000000ae85b30480000000000000000000051732e5c00800000000016deb240200000140a100816912048141000bed586760a0200008a4ef7499b48d0240000a84948940810b2890454a11228240504000002dea745770a2d8a0919f80b40093330d36c32f12011d8f1cc75cdc237806400028250400000044aaf5a885902d5daf3716f7b3798e37a7b5d173c22bb79d5576d5cebce54d097519758a894040000028200000000050400cfc05040000000000000045b2a6996b556e2b898d4d9fa5799fba70e8e1fb984e57ccfddb9d9781e7fd9a2b43e6f7b17449d798480000113684800000000000016801200005a004800001175bb5156c336d666cfadc341ce767cde6f354a7ae7d83a6f37f48e7471276d38b92889e597cfb51d572fd25a1ac011345f96d8d10dfe2eb70ef59d4040000000000000000000112abd64020000084c3595def9f67f1e9da72f6b49acdcb153729eab96ebb37d656ee61ca5fe5fd196aae611a4dd8f22e6371a6e9246b0416361839f86bf2ae54d6c2ce9672bd64eb9040004c554a6ba008000000000000002814102008325abb7f0ac4aa763b39be6b2bd96cd78d7bcf97fad649e632319f34f4ff3df485da0649a17c8f99ecb8cda54d5d314e6e1c63572dcb52ba2f65c94ddd75d66d5372ddd05810000000141042d91200000008a51d3fa873e9e16effad4f12abaee435245c811938e5aedd3d869737bcbe575ef9da9db616f787ebfe396fc7c3ada78fc8e7ae8bbcf26bd1d6616969e7d3a5e5f137f9eda5c5edb9de5d796c7b96fdde0c8b176d6b134e56763ae99b3d9e75cdbb2e7ecd6cc4f7f3a23371d30e69ab5cc2824002b2f0c59a6aab36cbb079f1c98f4d00000044c5bb3f68f16ee78f4f439e43a84d0f89fbaf8a5581d70022688dc7578ba7f4f3db60e3742f4913d3b6a6fe7b3347cf7518fe46174387978e9835ed2777ceb69d3dfdf2d26ab7bb1d72e0ebcfd7f3e52a625ab22c5c8b756d74f1b1e8793e97cdece4eaa2bf5f8a29ac44a28cdc29643200aea8554ac666253cef7ad2be7f0e7a27a0fa5db9f1a810008b641091d2d1ce31abd9fab8aa66609a777bbe7cb919dd625eb99b5c87bfd0896ae92ab377879f2f3f1b27afa1a78cfcf1c6d9f3db19d760e736face66265dbd6f4bbed0d9e5e5d8727dd7078c6fb1b593c7a48de33e75fbee1bd06f741d0cefcfd513e8f3048a66153135289400003236fa0bd8d5876eae26aa5a808100464e3942c0014123370e9cdf5ed073bd3f0e5cae1fa0e9add766dac3eddb795f2ae9d3aa7355ef5911afd867866ec3493db8ded7656ab975d96df4ed7a77ad0c56ff17528af45b8d479b9e56bbb7c1e5e6e6146fbbf4d25cb6aa7a6e6b6fe7f4e9eadf6837ce6232359c7cac795aed64e359914d9ceb9c216049916ed2a42dd5a0120500448100050824402c454a8ccc48cb7595cef439b9d7f0316cdc5bd3318dc53a7bb9ceca302a93369c4194c52e5b10664e045bb3af9bd75bd168ed4ef51274a856b4d2a93376bce38f6dbe0e34eb28974e7120120000000002195358b3978f9d64627a0f9e62d49a7ae245c856df5b4539a1a8100011286b737b9fbdadef98bb4e98a6cdadfebd1ccdce895a0db64b5ac69c8558aa5134e2f2bcf316e27879c2e40a6ed09a8910459939585773ac51a8120000000000546c75d5f2e9d8f27b0ccf377c4d1f79ad35da9e9703acd529abd1e6040000000000b629ad11b4d61be8f3f8ca7a6bbfabcfae6b5dee9b9cb799bcd563d58e54d64814120d8b5ae1604898bb9d5cc5b9401ac80000000000895b93bfe5327cbe8dd6d755bce1d74fbbc5e8336b98bbce731c3fb2f91faf8d81ece0120000cc5c30800000502800001200005a1008005a12000000000019f819d832d3b4d66e3cfdb6773173b877c9e87cffa7cce86cddb58d4f98f47c6faf8d23d7e70900011200052a820200000000000000000000000000155537ec4d0aaca5b8469c146e3539bc7ae7ef39de93cbdebc3c8bb9ba3d0f71c4f7e5664f679c240000b5335cb6820205a1200000000000000000005a44812000004ccd53d1f38b3e847cfec5b4df681aab330b3736aeab98dd797be757457cf4d36e634e0e6ba3e878c3590020005040000000028aaa5b6b9494802400000001b6d4ddcf4dd683231c0de000042777998dc3783bda93ddc42a699444a9977393835f8bd3bebf8797cba561347cf777c3fab8d14cd5db9d15dabbac85c8280080000008913763316ddecbc9e1bd559cec7db06decf6ecf2a89eb9080000000b6296c71ad75cf4cdb4c79263fb351278d4fa7739abcac5fb1aa941371e9dc77c43d41e1df8a0fa9c112b6edfc2a3875f40b78f7bc7e9a7231b261a0dfd1a9cfea298f679e54baf3a88b361bae6ae79badaa37ba1e9891d70100000367acea79eb479f4d39d6ff00d03076bf17beafcffd4bcb3b4aa71b03e8f1c7c3dd697be03502d0900002adecf072f8f5caeef9ee224f6d8f22d8de7e98e53ab73a393ebf8b6b96c7b9977be1e560cef142b503202262dde6fb95eafe7fae8b5aec397a570db2d2f55735bd26ee9cbd9f9b3e7515ecbe870d75bf77f1df3ef5727b39048000000da6ad2ece3032e5dc7a17965ef0f6e934f9587bce0eb6fe2fb39d2350245745754050405106e7b2d276fcb3e4bacec2d67ae06dedea5751ed3c277978bc9fd63cfe393aa9aef7ad91e8f33e60e85673e3ae000b63b9e17a7f27a2c36993c7a71797d2e06e51afbf9a9d075dadd97c6eb5e937973d5cb59e2dee9c0f49c2cd357d8f305810000000b96cb97770265ec3079d8c2aa0e901000a085355f5da6a3aae673ac64e6d6576fe61b1e5d3d55e6fbc79fac6bf61799a0da995457a43cd54d5d7bc767c6c73bec0f1e79b550f6f210a753b4f374e3373e89c2f8fb6746b322eed5bea76fe7bcdf4d957bc9aa6a53946a369e7dd66574f8dcc7a311c6fb7e83ae3cbeaf41f3cfa1c6a1e8e6100000011201410000000a2b85aeddde8397a70bd0e323e57d0e279bdad3eef175fcd7a07976f9e46f74fe816697a0e432f7e5e9388edfcc574f34d5d741602a2698bf6375a5c6f33da7ce3bef8de8cb88b7e0eb5cd57f6a2ab8f473a6a3714569713cb7d6359cef075f7f7ed25e4df01c3fb6f9afd8f373c3ea79c10000000000000000023a9e5d7237d9d4fcafb7acdd69e99e8db7339f477f97ce61f7bacefc7cebbadb62e75b4d462e7efcfbee52f743c3d1c5f33ebba675f39947d3f992a095c4c54533d071df45db6a76df9ff005f33a4eff07576976ddcde646f2000b57625c64d5e3e942aa6394f3df49f2bfb5e7eef49a07b78d43ae42400000000000044e5d62023bbe07d17c5f477d6b22cfccf75381b08df5e77afd3693e8fcaecf438fb4f4f8b229d4617cbfabd1d18f7f8fb2c5ad89bd7e4dfae6745e79ecde3fedf965b7bfc334d4b3bbedfc2bd0fe3fabb5aa97cdecaa8b9576a3d7cc2c00044c1669aa8f1f50c5c3f14f72f1afabc30b36c53f4f8523af3080000113149bf8eb224005db6d04059f4ae33d0fe67d5c1dae9aff97df975dcb18e35536efdb635fb9aae798cfdcae712bc8a71bb75c5a325adc5d74cfe4ba2bbd6796a97d7f81706b11e8be75db787bf7bcbe7d8f91e8a7a3f36eeb7373563e4581b800b72cd3627cdb91c75679dc97ab1ade170eafb5e50f57304080000000a08019d825040b63d5fc97d6fe77bead76decf8bea616d75b8f75b4c0caca98d253bdb777a76d62eb553b593597738ce3d8c3a3d3f3e69e82e7a3c7e40cd75e58177b3e7b534dbbd34e5eed6eddff00cd7b7cd7d1b1761da557acd573750ed95953e7dce16659e778064ef3d99b3d2705dbf0b7fca3b8e3bd38e66627ee79024002aba2eda9a06400000000a05bb6aba228ebf93db70f5fa2dfd3ddf93f5f328c8898d763eda8d76c0bf6acee6ceff17b271e8da2ab1db778faba6b3234f1f47e4fa06a393e2fb793a373ade526a46d75718bd7f71e31b7f9fdfd7da1d5fccedd959c2cce7a5ce3ddb3d94d3579b7301c7eafd1347ebe77786c0d47d1e3b3c0a1ede41d30100001682040000000000021ae936dc2e579bd7e877b4bbff9ff0052ad7e7f3d78ef349b8d5fd5f8fbce737f912e06772dd47cafaf727168e7df3aad4d0b89e7f958df5be248efc0111316d35666db874d0f4fc9547aaf41e47d07c8f4f7985c06561e834f9ceaabd4aaf14d977cf57c0ec303dfc14dd9ed2844f4c04800014d9eb0a0812b2ec7536724890202d00240000b69cac7675d3741e711e6f4f6791cfe59d0558436bced8d966e0f53ce65f9bd7bfd068345db8aa89f7fce040ac9c782c535a212aa552212a848448aede4e3cb095812000000000008900011b3d6e6cb87131a04814100000b0955fb3154b7f1322c90924480200000141000000504a080000000000000000117aad2254248b96f3d704200000005040000000044d5caeab92e10b020000000001391d5d71614240000000000000028c9c69a0640000898ef178475dc88080000008eff009f974d68d024000000008ce6b0820205a1200000148654b8d1d26964c61aa120000504000000474fcc977ba2004000000eaf51ab285048000000005a00480000000054749cdddc3d2b96d7eaf38a64ebd0240000000000000000000000028200000000000000000116cb65ad0240028142400000000000010a8afd6bc9d7c8e7a5e67be2474c0000000000d9aeb0582fcb6050480000000000a010a91200000000005a081000004ecf56c74b966a6b21a8120000000016826f3d5fc3b619d6be935024000000000002a6992848000000000bb6aa553314120000000000000000000000000000000000000000000000022a42820010005a0048000000000362bae66e10080000002baa04000000000000000000474fcccaf45ce4c00800003330ca08000008a9100001512010000000aa9504a1617aca84800bf561120400000000000000000000000046562aa440000000000000000005fb05a0810bd6551201000000000000000000000000000000000500100000000000000000000000051bbc2ceb045c80000000aa9ca5c68cac501000000000000ab9731ca004800000000000000000000004496848000000000000000000000000000000169938d604045fb0504000000000000028200000000000000000008a96e1ace9c6340000000001400400000005176d0100005776d8b1b6d48120000000000000000002256820400000000000c8c7dc5ba7448120000016cc081000016c492000000051936a6ad8644548509000000000000000000000a080000000000000000000000028142444adeab9496416000000000000000000000000000000000000000000000bb0d7dcb79d86b980000021d1dbcea24090003fffc4003010000202020004040504030003000000000203010400051011121314203040061521315022234160243270163335ffda0008010100010502ff0085874f5df8af163def3fe884323c34745449dca1054fd3094f87fc7ca0e11e68fbdeba77339653b64b0b4d5b3dd1f6bb5f81e73cbf3ab5758fbc48012ffe3557b516369e17bfe76a8d53a7aea7b36a85a2cfe44e0207d91149609104ccc94ffcb800985f69fc7a2a1babfb5438d0c29922f640d814fb4a9e0fc0f9f9cc47f480a63d36eaf6e3f23d13d1ec83e8cc3918829e65eeacf84f0fed7f8f66bbc620e79b70464bd2d6595d663ce18efcad7d3b5aaf2ace565f926a895eb53dc282bfbc0ae455ff003890ee34c7a4fd0e73cbfa97f1c6ab2b827dba4fb65f8a93990f7fab1aa587cbafd84c729f651f7bde1bb9ec13acb0d5b00967efd2c9536c389eef60c6092fd49898f30fd0e8d944d4dcb01b77ddf6cbb78fae0badf80bb766d2fcd06511e850a8572c5a4cd7b1ecbbececfba8e5cbdb814814ccccff007552e585f9458c132f206bd8fec7aad5f8d5dc4786b1e5ad6212bf21127c2f9414c6459aadad1e8eae905bc28e45f88ab75d561864c3f4e239cda44d6771d7da5056b8eef3bdb9b3ac797d38967f31c3f999c8c8fe80ae8ef53d6d2546c289d4bccd3de101892930209c8e3d5c1aeeb5fe6f5cfb4ab15796cc311a724eebe22abe228ea9236761f10515527765b08a3a14f62ca0abbfdf9d620abedf9e73c1022c8e3abb5e1761e4aba9456bdb3d7aef85aa6bf950dab30bfe7f2c312730b18c4d726e055a8ba9b5a914ade17db5546ac52f372e788d7b2c3cc640fd26ad428fc4a964e3202862c30ab42eb579a42b33ac976dde371f19d2473f0dd7baa7f0d96f7c2daace8b15f86d370ba0ff001fe0b64e396b7c938d0ed9f1d76b4ae2dab3517be6484fa7132322beaafa5657b580a8a8eb4c58c9373eb39cb3e1b6a55b0e1a3b6eb33774f5add900800e17b595aeb3e245c2f65e5fe2c8f246210c7972a9570f6562718c36cfa03125251233f8043650d9ff0012d5974d8730bacb8eab4936960300319a6b88a9756c068f9370568eef96064caf9c1396a8886d9221f4c0a408ca4cbf00d954a6a7f90823298ce7835de50c5b062a2fb557832936d6e3574075e8f27c417d771fc672c2814b5992e63e9845253fc8536964d1661892cbf135abb2c1d84b2b384a40ee92deea1ab97b555a8d007ec43a1a3ded8668ed36d46baf4dab17ecb75fbbd6b1cda7c66633e23d7a2ac673f32e1531de5a624ccb16f6ae5cc9733dff0054708e73e8577b2bcb584d644114e882bf3ba6b2766c7afb7a568b36f9a49ec6d0e7e5ff00116dc169dea9ab68fc48d30a9b8becd72d7bc4c6bef6cbe6082af7766fb34010a62fa539d96f46089194fe9ce719ce3d8d74f7b8f3f5b41502d5866b69b4363f0f4846929784a1f13d6045df3ce51afd8592dc86d67c3b85b4f7d2b585acf10ea64bbeff001db9da78f965e1bfafd46d02954bb6af6c013ac9704f82ac51657661050baf6189954b39a305ad05e547421ccd830f06e4c626cd46e335d5ce2c0f6038a502c547aabe7dd8a8988f5358db2bb34a5b2be1baa55ec207ede6d6a3ad9965e280ac2c3b3c1b5d9dd4d55ac192762c5849d76d5ac03156fd3ae45b11292bd64eb65249ba0a92c4582a318f28aa4c304b9653b6558b66b87548e3cbd2fbf928f4f88f575d70a8d8ff00c8abf6f5178ae2d8c15c59e8bd4ec21955de59cacbeca0acbd871256edf95b54a5df2f8291a088c1aea1c8888e055d45222211b38e752bcfecec15da7e7f3c1664b3b0a862b3b93daa47d5ac1fb7923eb250285c7980a408a648b87f217d7d3eb6a76be097b4da9dd8435a896df65812e5051c39e0a5c5829678895dc2842a12ae0e8f1170a8f4c526cb91c0ef0f557b70d3f25a67690baacb023ca23661d55b356d4ab364d5bef70a6fec36ea3b0dc4fede9e3cdcbd2aebeebf7149749bcb85fd7785afecabd0e7900b48d8b5d3944bb97bc822eaaceddc28acaecab2f36714b1aa8a7fbaeb9faeaad1335aa325a8c31830f06d1cedf83b36239a07ede5ad3e22997daefe8d6f979fa83cdadf928709999f409d249f468f4459f022daef510e58afd589eed668ec0306da0b20a0bc967add6bc11c656aa29e0541133da84de9a6c815842c38d84c3d7e0cca12b0382a6d81fb4f1032099fb3e3c46aa3c9382e82c70c8b31bdbe72b380f22e2431a7dc3e1dc67b49ca3b47d492dcaad0784eaaf2a19c2afcf0aa464d588c8178677ad8e78bb119164a2d7cc473e62acf98ab3e62bcb3604dbf310cf988e7cc33e6139e3cf3c73326e3e606bb0a523d017d40498fb54a60ea5c75b6a105735f3ce79c4f3c943211823050f289e2eb2c6afdf72c1ea1c0b6f1c0d8160ec1538365259fa0b3b439d91cecc67633b19e1f3b19d89cec96764b3b259d92cec9676673b39fb6986ec0231ad63a7cd5ed36be4ec52d8f135c25cf6be7f0e072b34929a254925934233c33833fcb1cf15644fc6ba33c71678fcf98467cc073e6039f301cf98467cc233c796789b258f7d9199e73e6102218f75f5997d57d71f3eb29f8d7b83b6df446480937321f65b916dd39361eac7571b191af0c91b08c1aaf388a4c22ec8e76473b439db1ced8e74c6198ac1a7de779673baced7910a27bafd43a6df655abb2d32e56654621bd97de7059d47f102723e51291f526301ac5e2af72cef0b42a3252cf39188c0189c59b4088738de5ea25849659b0cb2df65afb5e0ecef7f5a2c4466b6e8575cfd31964229c7b4e5924738178c70360b9c1b292c8989e2eea7d835d2561b23bbea8c751db4f87b3ecd61d781698ca28a203900239b022105d61b02ed7b971edf9470ea3ceb3c9e739cbd1b5605a3e5433b2f61cb5becaa42e6c1d149e57aceaee71c8057b46db003244a488677a3c4edb5c241f9e2fb10482eaa646710804e541e4162b8d815ae038590ed5af4454135bf2352a3ad4cfd27ef8e8fd9a91d559ee002fe11ffa708b9604f38d9fff0047f2dd33d3e4ab6dd57847fb97d63585fe33c0581d0fab943628686324046cee0030888cfd618ea298e53f86ee9f6780c4917cb2e712fb2cba835b3d2ee705c1f596ec91b5516d631f3e9cc4c4fe3f40c5ab63dc5f92affaa27a2fc0f2912e7393f587afb2ef4866449ac269fe3060888c497c7acf39f1abfe8efd2525833cf8ecd5d4bfc6ebab8d876d2a823d2f8595127f12da014f1bc858ab8559fd2f8e6aaffb9586397198e70d0ed37dcf2ce59cb397b0530944e71ba7d1d1d80a9a86b09cde244651c067a0bef1ac2e4aeb9c19e71c366ae61c267227dac4640e74648648e4c7b1e79cf0608f3b0fc2821ce7e4faf2e0c59af11a9b8f5f19fb2679aeb4f4dbc18e51c0a2085812a6fd665c934cc7b418c01cab5bc5dfb951daf2372a30a4a0c4bb4cb4855aa9eb4e6be91dc6235b59303103c0860a1dadaadcb1a538c725a89e2a59b594f593857ea04f9127d184710ec39e59073cf86d15ce05b5ea83186e2f251a6dbad7e8acae1806a3f535d5bc559988862e33431cf6a6b120af46b558d9b7c5ece808cddd69427656d5d8b3ea962ee9a2b57dad95cd3bc9b43e431138bba719c85729fe1664b37dcb36339479a63e9599d558feb023f5e06306061db664ce44f15b5aac5597a4f69757755ea68fed5abf72b21656acd0a49a41851d51753e06ff007252dadfaae6e182dd87aa23d675bb48b96988bda8c5dcb2bc1dbdb1ca1b7873386d368c558b161b6091709757d1d6cf52c639434c54127cf39fd39c63d7e2361b5a8aac3f0da41b77e21aa28b5c3a1921eb6bacf85b30e913e8839a969f56ddcb314aa06f2c446ceeb7600c9fa179a06647d0d3afbbb1d86bd76f2d527d5e1aeb6ba61b321b7a91ff0068fb66ce396c307efe8ebcba2d4c738a73dd4a9de171ce3698ad714ac2c980f59cd5d155b48b9f11a58e4981af35090b3b1fb0ed560ad97ad18058cfdc063ec5a15771b967ad446593e613281f43e1c0fae3ea5e8ca15536b1da36461eb6e0e6b754cef70dd526f89c8caf0b2b173475dd07a6bc25e6e7d33d5fa6c2cfbde3b17598d2454eab748a633a8548d341c561192c2afd70ad526bdbb0d1425ac973bd789c82cebcd4ec42a66daf45c7ccfa89d4de70b5669670d75f2a595b635ec7a045d0325d67c34db7ec09ee288179e91772a08ccccfd604794df5492eed806656a4765d5c3ea33239dd2c876585adcbd9e963a23d8f3ce7ead75f71d6f78d3cb361b65913ca6e588b26312794eac3c6a4dc0b23b6ed122e57b19f6cb7b45266b130d19b9676b5fe9d5aedb4cacb2a9766796754726dd5060aee5bca9af523169c8ce7c363782907ccf619abdaa6d47c4346145cf39fbee92e999cd7512b4ee8000dad81462586a0d5d29ad098f14fd8a4016bd51182c2a51b1c3e226feaf474bafad742c7c3e3394eb2eaa2fd6bfe3bb57db21aa92cad456ac1460040e74ce72e06500172c2dfb3cd9c762cb962f4d5d3564e6d3509ec47d63de770857ac4476ab173028cdcd630b1a94836e91408931823497e3986c5ac28f3bbb2bcf67cc7367d762ff3f38298c0ca5de8b63cf970e519ca32073a7238cc64c73c6a054d0bcfac2216366fe1f106c0a263de4449151d5c0e387165d043304263ce2d6bea440d55b72ea6d2d51f5956ba894b5c8a55f50a3363990a5e8ff52b6d4a7b8624b2f24e39b2ad6669abba2b56eef62662321812cc88f3cc659aa9b30b4ad61c5c853c771adf0591f5f77f0f2ba9c5f7c6074e01c84bacb9f6075f6cefef29d48d7d3b8070ca55d993aaaa58cd28ce5645d5c8eacda4a4ad43260397a17697312079ce38f2c2fb555b16fcdca5cd9a2d0ad647d128f2eeefba9658b0eb27f0f36b2d7ba6a5b77dce823a6b9f09c35f2ca963c16cc8a4b00ba4be2562c8e239c4f5c6770a325f392f3ce66590a99c15c465cd7aac7013218e1cf286b2c3d95e8a50fc98e788a8a4907a53f7fe3f8cdea3bd487ed91ed9e6b3e25f6abfb41fed1cb971b15d760202e51c1dc56c0b34adad941b5ce36a4a6f7e6700babc9039118dfa58e139a49a02812138cfe38447a47e4b51cd5f69e5ce6f2e1373dc004b590985a12de89fbc640f3ce9e123138da35999f2b4e2a92159d119cb3a673a784e31f19b2afdc08fb70988cf85c7fc6e3fcfa45f7e2c1ea1b959951ea6125c664c67a9dcfd8f376cfb7e4d348c6c671a1d3286f4e7de27a8721fcb21a139d439f4e3ce33aa33ac725e11856272488f05538e888ae3f6e3f0c4ff008445003f3dabd6cda0a9d13cf23ede7e71925c58701148a5f76cef56a65bb2cb6ff6be29be13c9ce466b9cbab4c73c30e9c537a32260e0c39e12b3a663873e3ca7200b21390a18cb2f1ac0db17100b4ec364a70957671f85cff56e54c76b9353fc3edc54b141275ea0fdfcc539cfc9b2ace7638875f423de1655389514703564490483e323a4b3a73a33a7394672f2286cecd966abb52eda58b32baec9d469f77646dec27f4e0f4c873cd3bbb1b1c32e90da594d95af9f6ff9f2756739cb4e8ae844137157762ecd5ec0ac1f0dd5d2b363d00023f64c592e72735f720e14d83c91e79319311384ace52390d38c8b1390f1cea198fd339d319d318d20e8f86ee2851635c86585d8e51b2d929213b76737ef96c2b7b07591c88223475f6713510928e113c6673970600b036e1d772222229fefefdcc8528b6b5e0b7a62d2f416c25fb233239e1a8112bc41238b7cc60909648e72e0e24af065263374666b5b8b0be539ccb24a6783e88d89146c130e8d976b9c9cf93576974ec58dfb6729588b55b8b4c5602e0281282e3cf86f14c86cbaddeca355742b6cf6ac73c6fbc41866d3f7a332041b8640d1b43733b65190d31c178ce6c6d7875d5d656ad57734eac4ecee16bcb645d162a581b2b88e79d19d19d39d319bab5094479f5b7ce99b6d77e81dc70626d836d3562e5969d8b94746b9c33051e4b9b3ad572fec5d767f0483949276c82812821e5970e13b5d9a8edd2ed5cb8776a8dccd6eb1097507a97641832126dc96b725acceb39cb472db5e6e7c14c62491ba2e552c547bf81d441b73a871b654a84bc1a3f123da11c39fa8760268f95959ab0f6287babe57db9467556bca85daa131b888c8dbd49c5ee6ac31ced5db9b614eb4ab713315d9dd565fd82d21e7a8d0531f42bf6a386989417b67b7e529ddb027e761387bac6ecacb30b994d2baca9972d1db3c5f6fa987d7ec565d0cbdb30754f695364cae07b839955ba2d17daa300866b5b333ae4c06d6b894edab65ed8959088f3576f65c53ccb3971e59cbce26431eeaa5275b898e53eba0572701ccecd66573e5ee14ded8fbaaf69d5e27ebec466449cd371fe64c083fa080c4c796cda6d98f72a5934dca341fb19898fca5671576dbb0769bec2b48c3f70dae55bdc25bdaf4f47ac5d856f75e157d512185fe6357b52a63b4d815d2f4b4da7558abb8a314ac7af545253ec6b20ecb0f5703966b9d667e0759b83a69d85c3baefc0ea079afa2659bafa47f44530d2c9d8d89c29232feb9ce3f10eb5ddabef55024eaf5eaf6b7f5975ddfd106640e6d2f1ce6be63d702ade078925823fd174d0057ae2d5e18ff00dbd98fd27d82964d328912f7c33224cbd618bfc28948ccfd67fe9fa24a5cfdea529b5e92ac1ad3ec35d281b57494567d4e82e8f771331333333f89ea9e9fc8ba1711ee54a36979814661f9f4b4d25e616908ff00ca4624a662627f2da85a1b6af02d76bd5aaf2aefb4f2b2ff0064b09632c2890eff008e7e8ecff40537b63f971a7123f87fbcb546a9fce3164b9f3ac6587faabbefdd2b93f8f14b0d7ea4cccfe695b072a97e0ab00b1ac88867f4bd8152f97ffc142a9156fe8dce7b7ea748fc9bcfffc4002c110001030302050402020300000000000001000211031221103104132030412240505160611432427071ffda0008010301013f01f91632e4fa71f061f09ce9ee933f85623f001db8e9240dd6ff0006f6dc80b7e4088ef1eb9ed4fe0d11db267b53df99fc040276ea8f7d4ea1a6642267bcddd1ca68509c837dec28d0e92a54c7bb6b4bcc056dbbea0651e8774813ed8182b7d250e97747fd577b602537d3856ca0d4e1a1d5da03afabd8c28446a0c22e8ca6383b49930a144a141df499c38ba095ca609552251841acb729b4d8ef2aa70ee6674a74cbf647a82bdbd7ba85e350a0d43854a9db9d2340f21b013aa39c808555f6afda8411c2e1ea17b4b1c8a9ebdf0ad728ebb95c8e51a806ca9c9dd0681b68e6bcbb1a54a96e020709afbb47d3272533644e8338543009d63af3d33d3e13988552ddd0e2021582e60550ba708b5c553b81cac05705704e2d84da9260eb41c3fa9f2aa527310612a9aa9ba1119f65ca6b91e1be9721c8d37856bd5af56d45654429d45ca3fe450006da013a378873709d55ceed0128360e53dbf4888ec030af3e11a8e0841cab028d4ba1133a8747758a2516aa8c313da941f0b98b98139f2b653a802356ee9dda61c20a20674a83cfc03765e14a69037555c3de18e8a69bb6950631ef63494f65a989ba1ca223db53203a4aa8439d23a4981acca69ca1ad56f94d6a3dbb5428ec01e4a2f1e17315c0a8529ad9568d43f5dd3dc7651a0b53c7d75354201386343d6364581cb94516c2649d910a4a9e86990a50329f6db11956fa506e53a9c0ec0283f08bbb2e30e57e32ae69555d2a91829c7083655a7a291508b57f6476c287a7fa876aeea1a06cec99c39ac6027522d30a0a221346514d742bf514d065ab2adfb581a38a73709d4a53d96f7f87e1cd6742651148c2aae735c4ae12a06d4bde25717543df2c088954849e97054f42614ebbab74a8c3dea4cb8c2a4053d93d9ccc8556b3460854eca9fa4fe0dde0afe23c6170d439664a7f097e422d830a346b4929a215b9477e99d2ac8538eef034c3a534f84d716ae2b867175cd4d961caa5c407e172e32420e03609d50ae280dc2bb4a6f9ec0db4adb2911dde07d2255465dea6a995eafa4403b841ad1b05715ea285171dd556b2c214694774665349944474468539e4f7b8306094c7c27303f2d41cea7ba15d7342e6fe91aa555e33c046bbc889d20269ce3403ed1d00d004d2aa191d38ec95c2552c742752f2c5746e855fb57d23ba9a6e30c2b91f457f1e772abf06f69f4a753733fb6ad3099533945ca7e94ea427d4f011793df06152e29ed3942b36a2e20d8d96abfca6bfc854eadc3f6835c5725de4aaefb9dd16cec83c84d78857828d46842b0551d255b8f641c5bb2671476727368bf2bf8ccdee4ca319b953a806ee55b8bf0d44cf44e93ec476654fe1b1d8027b3fb4083b7c1912213196993f1eca772736df830f21174f6a7d98ff0058c7e2f78f848f77189f873f00f0076fffc4002d11000201020503030402030100000000000102000311041012213120304113224014325051056023617071ffda0008010201013f01fc8d7ae28ade50c47aa2f6fc1bd30fcc540bc7778f963f176deffd10f6c1bf4d4a8122387e3f075a99637128d32bf81b8efdfbc3af4ff5be3ab7bf4016fea04dba81b9b7ce7a61f98361de6e229b466978b2e07cdbcbe47a02dfe593697d519ec368b7bc276e94cefbdb26709b980dfe29178cbe205b4b47e94cdb98589d960a2bcb6f38f8a4da37bb78a0c019a38b1b74a6454932d2f90f81aa6a80df322f11356c228b1de38db68d4cf395e3555586a9fd45a8ecd29ded17579859efb435197c4a75c3ed933e9eb63613ea3ace4bd0a453107bcdf2d02352a8cffea1c117fb8c1824f3170fbef3d304e912d6da5e35fc446d62564d2430838ea19545b89e9b7ea1206dd7a66913886a7ea25d8d8c08065ffa378bc6f2f7e22b7b6f035e1e229d3e255fba05c9fd8dac4adb903b246f7971da6178440d6831060c4c15d60743cc15104764f103d313d6486b21950a9fb607b67594fdc22550c2170234586fe33bf78a882906870cd3d16134b4b34de58cb19a58c0860403a0d153169a8ed16d3b985ee3db28b96e6020e7637ea0c7cc06fe6050d3d3102012c26d1aa01b0ebdf576aadad683d915f7da2385ed8db89ea34f54fea354bf8877e8f39bdedb44bdb7ed545de31de31cb0cfe0fcf17bef2afdd0f3bc65fd45e651437bfcebe55847e65e51209dfe6ea1c65e9ca6fae56e2371929b18a6e3e330245844040dfa52997aa58e605a30b8878ce83f88cf6da0ff007da261ac03699ae1a9a4f619a5ccb99aa032d2ad614e7d4d5fd66d4fcc3929b18883997c9d6adfda65262cbeeeaaada57685c012bd4d6fa84c235dfdd196f7312e545fadb9caf98630a026e65874541ee9a67a710c6aff00e7001da1a8a16f2862856361d6c030b18544ad850ec0c5a081b61bc1d9b64218a37952b8a66c67d453fdf4571e66afdc152e778ee296e66a567bb71035122c0da611928b5a73d8b414c6ad5d466f0b58c660b2fd03895290a82c67d12e6d8b45363062bd5620f10ba2f263e2edf6462f5379b89429ea373c4a4e09b016328e3b42d9a50ae2b0b8efd4a9a04ab559db794c0d31c5c5844161be57b74a9277331cda9b6963113540806445e537f44efc438803751be581c427d9dead53d35bc350b1b98c2fc4a345e3eaa7062567d424ad880c2c251c4b0d8c06f2e32ab5169aef2bb873b45afecd0d29fdbd045c4d308b4fe3c215e3781006bf7719c5a080da61f10bc18d671b4a987659a6de25e6a98372db19a0658cc3691aef01b45b4e3a5cfbb2fe3580244b1d77eee29ceab4617dc4e66f03b086ab99732c4cf4ff007299d07697cbf9017a510530b7695d100056236a1993610d46ca9816b0e4ca3864a5b8ef637c40d08065c89ae6a1354d5130e4eed0525076cae6555d48419c1952a060156230193bdcd965f7f747700036e65741ab6983a651fdc3bf885056f0afea5e069a6fe21a16179a205de2574f315d5fed96c9d038b1989c10d1fe38b418c2b63ee9e929fb4ce25ef2954240016e661f086faea7305255dc77c8bca98616f6c65239128a0679a3c474fdcaaba5b6963341987a7a17a0d5d2d668f412a732ae15bd4d2b3e92aaf1170351a3ff001c42edccc2d2f4d2c66a24d87c22a1b98d851cac56aabb4fa97e2d1aaf8d31e993c2ca586f2d38f8ed7f1d9b7cedff00124dbaefd83b764ed357c2b7c165bcd20f8fc7e2315e8f894aa0a8ba87e0da9ab730281c7688fe8876ff00806adedf9e3f274fe12ff2efe3f0eaba47e014dfb7ffc4003d1000020102030506040503040202030000010203001112213104101341512022303240612342507114335281916062a105247072438253c16392a2ffda0008010100063f02ff0082d719b2df3ab6c8498edcff00a8b3046efc44c3113e5074a727868ea2ebcbc470c1b8b7ee9e5f501311dc26de047c4551805b2ddc39279923e582ad1abffde4373ea93006e27cdf42b5f2faf3b6251845f3f5b2166cc69ff0da7e23f2af9d7fb2f278169058d37173b72ac3169f524c0d736cfdbd1f78deaea6c6ae733ff17d914b1f6acfea12cc080b1fa6c711b1a24ea7d1bc7801c5cfd2cdc6fcff0097c0b5f2fe894c62e79da8ba9cba7d4b1f2f46b7cf3dcc4db4a24ebeae21b3e3e2fce4fd2ac5717bd1be4bd2b2f098ca98af4eea2c09d3eac1f15afdabaebf535c5f30bf8caada8f5af37cabf5d54b817e668adef6fe9cbf626134789d8774f4f517b03f4b0bcbe8127e28fda8e1f2f2f4363e8c5f4a1f84c586d9dfafa1c6ab951571623e80aebaa9bd348f6c4dd3d0a28400af3ebe2e63b42f42cc34a263f598f09c3d774322ccaccfaaf4fa0c4a515700e5dbb0240f04448403ef4f11372bcfd1f0afdce9eacdfd45d4907daae75feb6b023ae7f555526c09d68c692090751fd485d9ed4f1137c3da954c4af8c5ae79765544678d7cdbb574424546655b63171e149c4970051446bf492226b03459cdd8f896ae1b104fb7602b644513736e5ea14586557fe8b8f8b9c77ef7dab1c081830d49bd701730fe4a2c62161ef4028249e55675653ee3b71a61030f31cfeb8abb1b3623f272340edbb2949216cafbbf1030fe1c1c43ef45d477e3ef5431b0ba139d47c0042b8d29662bf098db156295b8aeeb91e429a193ccbf4049c95c2fcaf9faae9d88e4c88f29ecb6d31dfd9790a41212a57422a4d9917ba132a08279028e57ab9ccfd5ec2b4a6e125f08b9a8a6da1a46e27e9d05615378d86253be06e1c6ef6be3f7eddab6848fff001b5156d47871324989dbccbd3e958135a31f3141505cd47b423716cdf117a526d91831726b7ff75242ee1b649bbe2df21aba648a30aee0aa0b1e82aecac9b3730dbda18e2c783cc49a8e55c838bef1170cc8da9f6ada6445baca310a676d58dfb40037045c1ec48c1f0e1ff35864520faf1805baf87753634658efc443df1edd6a2c4a1678bca47cd52b4b3c6fb3cb938e94e9b3338d9cf23cebb9599dc4ccd8491852fbf6a13362c12585719f106f9adf350541651901bd5e6538873075a18459700edeca7995dd68c5ebbffee25f6f28ab46c235e882af23163efe0d86b563afd0438d3423a8a4784fc36efc669a570013d2bdbb0934cf8626cc01a9a0a3402dbb6d49df06290dab146c197a8ece2dad301d147b76828d4e54a89e58c61ac731b274e66b027c38ff0048f1032eb589b5fa0a041dfe74fb2b79fcd11f7e95874ebbeeb0c96fb577948be55147fa540dfb4c308cf19249e545158b16cc9ecc621be18fe6ebd986cd79585dedca895d6d6fb6ebb1bd5856765fbd64eb585c58fd2b0c56cb5268c52db10e94ae9932e74b241e771de4e8695666c37e42b25407a9d68ac4a6b6487fbafbb6932b5f0c961ed5b546ca1784d615b4bc36bb75a8df690048d9e5d8b1b674934030e36b15e5e077e4653f6ab6cc2edfa8d779dab2624743458fedf42eea93f6f01b876ef75a2f2798d614173ed5793979af578321ed59d0746b61a89e4216cbcf76ddb31eb885626ca2da46bef5b2cd380627d6fa56289d5d7daa3453844af859bdaa08364b797cc73a596665fc45bf2c75a40366713ae8ea74a0d390b61cea46e2172b5138f9b5dd8f84f83aee0a82ec6bbc08f46fdf54c22fdee7e85da61748f9559a04fd8517d88dff00b0d22c8804a736a478c01c4198f06e7ce75a77800746ccad1162ae3553bb083637bd32cc98654e6b4561db8e5c8d26dae2e57262398a5548f0c6b983ceb81b51092c59a3feaae147b3bc92937ca8c4f0a471fbd62daa762a9a01562b89bf9ac500b20cad52b92053a348b98a58ff0049dcd1a48c11b51bb898711e55f971fee2b38213fb55a58550d773bbee2b83227c406e241cc760bb4a17dbc65b006f958d793c5ff663139d56978c2cd6cc0ded2ed17bc6a6c4781c56f2ae9baed993a0a69e45c008b01bd9e093062d6ac4063cc9a3b3ecd1a9eb7a68e4f30a12ed2e817925f3a27db2c2b44ac7231a3147b3e1bfcdb9b0c8507b562965622bfdb4527fdbb45973b6a377deac6e62e9d2b1afcbde1dbcb3ede5d84c7af2f1b88ab894e4c2b2596fd28ca63c166b55d8e55244ae2ce2d88518a65b30ff003db55e833a66805e243fcd2318caa275ed716190c6c75abc92b31af293f735946b590dd768d6f565000a3ec690816caae3cad9eecb78643622bf110e9f3afe93bb87ca9c37ca08ed58666ac1af3b6b6f9476c30d4512753bc72a18f162fb78fc29531477b822b8718290ff00935786464fb505db00954687422bba6ebd8eec6d4b19eeb570d9970feaa08bcb7886e7028b9b51314aea6816f36877e1890c9f6ac054a37bf659c6a295e7949539d855868289e6b9ee66918092f953bc20612396fcf38db261ed5ddce36cd4ee91bf51f4291ded88daf48b1b96b8cefbe3944c1f172f4595629fff00d6bbaa0567fc0ac56e5d9930458f1e8d5de9556fca820cf77022f3b565c85cfbd36d12b0f614fc36fe284d0caea6d7b1a573aee2ada1ac293911d444312ad91bd483fb7b6fb3b7993be9bb674ebe894336b95cd7e76ecc9f0163b0b2f84389fb52bece6edcc1a28e0a9acf26ac7871577d596b2907ef59107b02047c2b6b9b5773687157be273f31dd7c247d8d2c51df030ef0ac11ce786791a0aba0ec613fb1af8b3b301cab36b355d2ce2ac458f62ea6c7746cbaa76b0ed02eba62e62acc6f9647db70e1d072a42f5ecacb6056f458eff3b7f3e97f52d619156fef4245747cb4ae95c8d7e5ff00159165aee4c7f7af95ab3845718c474b5ab389ebcaf5e57af23d2cb1075905791ebf29ebf25ab281abf20d7e45650d69401a673930e7ba799a5c263d075ec18e4fcb6ff1464d9bbca7e5ab3020fbee131164bdb75b1056f7a8d14e2c02d7de91b7957e81dd622bcd7fbd77a2bfdabbc196b29057ca6bcb5ceb5ad6b5ff0015a8fe2b515cab9572ddcab5ad6b3357240fbd7c3188d5e43fb76eca6ebfa4d7c782f578765cff00babe237edcbe91896b300fff005590aee923f7aeecad59497fbd602aa5abbd0d6701afc96ace36afcb7afcb7afcb7afca7afca6aca135dd86d5676c37e95de24f69987957d580a2ec74141a68c853e014c786c2f4e97bd8dafe15d0d77bba6b126145e40f3ac2b01e27f8abed108c1d452c88f85ba8aefbbb375ac38788bc8d6279709e9438d2e241c856596fd2b4ad28b36405339edf0efdce9d958d3ccd582420e57cbd1e0840f7a09258df4229255cca1bdaa4923cc11fc6e2c14951cfb5dd2478b91b8f7aef5d68a9b107a570243ddf94f81de602bb8c0d679b74abbe9d3c5574366146494ddbd1e322e8458d6cf326697d6838a963955991fa51b5edca96284e6458fa5ca85cded59ad77c32d6520ac88ded163e1c6bafbd7798b9e958b670631f7acf5f15547336a788362c3cfd2666bf04a989afaf415797bed5dd503f6a511adc93d289961e11e56ac5182e9ea7226bcedfcd79dbf9acc93e122a46102f6964c01cae80d3c8fab1bfa3026d395774613ed5dd2ac875abaa173d056031e1156159e66b83637b5ef4d3c02d20cc81cff00a0312bb52486663969b8e1e7ad62eb4031616e959666d6b9dd32746f09a43280e0db075fa937056f875ab1a03ad11519f6a5476b13b97b1b47dfeaf8ac6dd7b2fc16b62d772d1a239a9ab48b7abc3f123e94118f0e41c9b75e4214753587655c47f51d299dcdd9b33e381447d1f857ee6bbc2a8b935f90dd806a64fdeadbbbc33ea28983686c03956295d9fefe2588b7d410cbfb1af30ec30f7a5fee16ec674c9fc78608d45177d4fd36c80b1e82ad22b29f71bfccdfcf609f7a8dfa1ec8906abf4eb3e8294c7cf97853cdd3ba286ce003236bfda3b04a8b5b4de451a8dbdadd8b1d2990fedf4dba1b1aef9f0a799ff5ff0034d2499bb1b9ec599891bf16e753f29ec8906abafd47b8acdf615f9327f15de561f71d9b5cdba6f18d4adf317a12247653a5cf64532feb1d920e86990f2ab2e6680906be9d202485b5cdaaeff13673f3f4ac8e23d0501246c98b4bd07001b723476ad9970bafe620f40429c28356afcb0c7ab577401f6ddde00fdeb38829eab955f679317b355a68caf60244a59cf2a59bfd45f8aea325e4b566da2307efd9b369513a9d0efcf789472c8d5e2efc8456293b2522b0b6a4f2abc4e92ff8ac12a156e87c5084d97526982e6a0e5ba53d129958620da83578a2506bbbe4885a91645c4ad953c27f2dee86a48cf23e388b673849cd9ab37e22f46aee359ff49ecd9c061d0d17d94e16fd074a7598f0dd791e7b83c6c5587315f166623a569db463d2ae3b054e86990ea3b4dc272b8b5b5628e57bfdeb677b5a71930f176bb79b87954d2e2ce3e54bb3c6c12fab55a2199d5b99dd6a2bff00865cc7de83aea2a3bb5bbd7b9a91a3cc75f19546ac6d5fef119953e5f7a9368e14714d1b5861dddc99eb3607ee2963997031d08d37b4305861d5a834cd888a960c2a43f3f09d3a1beec4fa55d4e542b51453400675b3b4371c419a9a91a401b86b700d2cb180ab2721d77e311be0eb6f1c4845d7422a5e17751f97b503986ea2a1c7333c4c6c6f4f2b676d3debbfb213f6a0bf87c16cf11acf5ed920643c14e89deac5e497f557c4175fd434dd2bf0f1ed07c97190a836b65459f1616c3ce85b5bd0bee9ff00ede20feeca88a92097514629d58dbcb5763fb57e2219184c87bc0f3a1b4c470be1cea2da4c85f11c3ff5ac6c968d96c73a878485ec73b57c4465fb8a8d24cd3523ad610061e9532c792eb6f436a8a3da1870e3ff003586252d586452a7c02a0e47c19e4ffd776d11a2878e438b1570cc0e9857bd273c55f0640decd56e1123d8d2cbb48c2ab985ebbda7452c8dd396f884c6d116ef1ac5b39e137b686ac230c3a83db0dd0d06eb5c683cfcc75ab4901c55dd5b0f7afc34b261be9ee69f6797ce9956d7b34ba7993ef50e3d6b2ab30561ef5f888d483d3953cafa28bd3cadab1bfa37128366e628320b2816f1712c3653d4d18e552ae396f2b831c6c6f5657c2dd1bc0663c85e99cfcc6fbc41b51383e57e956330fd8780bd572ec634f3a662b66daa36f8fa3ad71f6a185792d62acb766288600a9d41a32ec634d53e800121557bcc4f4ac3b2dd07ea341e76c4c05af57a0eb104005b2ab20bd1673953c3b2c98b06766ac1b6c0d1b7b57c39413d2b3ac11fc597a2d2b4c981cea3749d5bbbe260856fd4f4a97667373aeebded56071b7415a70623590c72753577ec0b82cede5515886c6305142304c35435f89847709ef0f5f9562b1c3d770c608886a6822a285e96a3040aaacc3be40abc52664db0534929c533eb534d3778e2b0079509106137e54bc4dae52845f0d450a27c57d0ebbe287ff63e1334d23631f20abecf311ecd4238c7dcf5ae3140f6d08e95f96b1d5f6898b7b2d7c28bf735de3590ec3336833ad8e61f944657ddb3ed299362b1a646f2b8aef0329feea797671c37517b723eb8a62ee1d45711d7bc74bd5ba6e336a8dfe29331863188fbd176d0674db4c642acae405a07689d42a9f27335899d5547bd3ed7ff00893ba95b36cf0b5b9bee9da352c132cbc07745ba2798ee4fc312252685f5dfa5643b641a97629db00be389fa5049e2327475e751de3e1c0a6f9ef6d92316fd4dd7d68541763cab1ed3de6fd3d2ae2af5715ed58d8f0bdc1a29b3edd7bfca6a38e550638f465a142fb463f6c557ee841a28a936c9fcf2797ed4cee400073a964f999b3a593678c9bf982d61914a9f7ed6cfb3a1fcdf88fefba4dab6755698f753174e74bf88b7179dab334d18618c6a3c20278c35b4a0888028d0762d2c6adf7142488fc226d63a8acbd5cb29f9721bfdab2a1b36c20716d7663f2d423fd430c902e771a5492c30812af94a0ce9229712cb6d1c6b5de896b28edf635dc9187df3a2af3624b6558b6d9da4f6ac28a1456b580adfa374a2ada8cbb7b3c076a55502e235d4fdf740d0118a337ceb087e36d32b77c8e5e3c6210bdee66b14ee5aa4e3150ffdd4c767b61ea39faa37f9b3ec7769f1e4b3ad83743599bd5eb64400072d7e27415753715ddacd2bc86b2cab9ef6602d2f51563caac2dfc76119930477bdda9e6504c8dcceece894400f8e7aae63d4a70e3c16163efd88eda5bb3864140c4fc7847c875aef8910fb8ae1b98e54e86b89fe96f890eb131ae1ed31606fe6b4edcbff0063d8524a71f9e3abab023dbd191447bd00353953c6395bd4ac6bab52a2fca2ac74ed66a3f8aef442fed5934a074c55dd885fa9ad3b5dda699477c667b32b756ec0f1c8a2930d7314b2258b2e97a69243776373e2f0f02eb7c5cfb65f09c032bf653174cb77b559b4dd957785abcd5a8ae5bf5ad6b5dd90acee6b3a93a613d990747a2cc6ca39d5ad261fd56ca971a7fb67f2ca2ae34f17bd46687682d11d53a53a244ce54daf7ae2cbfb0e9e9bf0d7f857bf6432e446751c8c2cc46ef6acf4df9569d9d2b4accd75a1704b1c95473ae2ed1b1e187d8e628b4412181b4bfcd4d14a30b2f2ec6d11fef522442edd2955a316b66b47667cf64da32cfe5349148d88af3f0751d806093030a7932c76e5ccd5cea7d6aaf41596eeed74aef565bf4ad2b4ec30d99f83b329b17e66a1dada4fc4c4a6c716a28a45b271a1953220d43f89566232387953cb08250d598107de9bcc5bd86e8c9f2b774ee663a017a4480e39715c5a9316b6cfc0795f45147fd436e7214794516d951563e57a687685c1b42ff9dfc3b158e3e47c1ee827d159c58ef5526d28ff0035efbf3acab9d6b598dd7ae5bd85f3b51d924b24a879fcd58b14a52f7c05b2a00ae5ed5f10ff00e9ccd7c3d9e10bf6acb6246f77ac185228ff004a0dc1505df952717cf6cf7168a2556ebbaddb28e2ea6b65d8c7e5f98d586428ba7963199a691fcab99a8f528fa3f2a864c051ce441f04e036be5e8aec6fbc62e959577ab2ec7c4655fde8b24aa40a3c28e4900e6a28a272d41d6b9d6a6b53bb158abfea1568b680c3fba999e75000bf76b13124fbf64c92c65f2cadcabe044107f7524a398cfb189cd96ae1b2acbb306d512e2e1e440ae1ecd09894eaed56bfbbb9ab6ccc5625ff00faac0163b7fd6b1cac59bd706436615df8958f5a60c981c55d4d7785eb3ca86018a57c9457e27fd46cd2daee5f956cb3ecd9432b0560bcea1d9b61814bb0bdbdab62da962c3b4c83bf18ac6997220f2ed7097f324ff03c0b1ce23caa57d91fe205b8b56c13b5f852775c7bd4db3d8878faf3a2920ba9e55fed36a645fd268b6dbb6e3908b60a04687b3666c4ff00a56ac7b917e91f43e2c6d671cbad7c4bc66aea6e3aeed96497f2c73e8699236b9398cf5a806d4890c30e61473a432332bae8eba8ae3995e798685f956d7c6711bb49e5357421bec6b202b4dda9a9198df3b7838a262a682ed512bad71a2b719858efe2bc4a5faeed455ddc0aba9caa21149646bdede3c702c4030372fd7b41dd085f45f09c8f6ab6d097f75ac370e3a7315fedaf343fa0d7c6d9e4435e723f6ac9d87bdab16d1c227f503635c5ff004ddb02b7ff0019cef5de86e7fb695f095bf23b8ac44349edcab3ed913a6385f261ff00dd19767db530747d77e29982e59135836521bdf9577e107ec6b38e4fe6bb909fdcd644463daaeec58fbd1006343f2d02c30aae8371e362b745e7402ae041a0f42add2b868a6e7d265956075e22f2eb5dd8570fbd5d8229e8c2b3c0fec0577e1e19f7abfc2fdb3aca1655ea057ce7f6ae1c6b8539f53db120556b72344f5f14853aebead8c2b70b563afa0f8c485f6ab20bdce558265c2dafa971854e2ebead842e5436be88153622b14ac59ba9fad0c4a45f4fe81389adda4e29f20b0f541105d8d609170b7a2cc7d50489a8ac6f6bfa1432796f4a23c25f95bd4b5803885b3f0f8928bd078f207978ac0a5d8e87a7d6709175a19594787c69c938b402b0a9ba1d3d03719ec2de8b0258752680e3f7bed5864b7dc7d0b84571af2f6ac6f90e43e8521046206b11348a4ddc9bff0042e388d8d72bd1673763ff0002c50f0d460f986a7d722c8d8549ccd010a44cbd75bd46d12e0c7a8fe850c35157585a27ff00f1b585032b96b642fe81d591bf117c9bb1899180fe865e25362b5ad46da7a4cc5fd08441763441d47afba9b1ac0d21b7d1aea6c6b3ff00941b8f6f606ad069cc787244b6c326b97a153b57e5d39d9c5a3e5e2e2b777d65c1b55cebf4ac37cba7d497866e79faac31a963ae5db2ca321fd018a26c26d6ed955391ff008aaca2e6ac723f57b6d47b96e7522c26f183978cb2a5b12f5a695ed76e9e8d5175395346f6c4bd3fa1f3fe96e7c4fe8161841bfd6013281f48ca87114adfebb66f015175395676c68697128187ea06454628353e2e7f5a6d996d81be8615df00eb4c14dc5ffa3215d9c2f179ff00c0cd35c051fd0f6b9b78b7b0be3d7c0fffc4002c100100020201030304010403010000000001001121314110516120407130508191a160b1c1d170e1f0f1ffda0008010100013f21ff0082ca24416382210119eee7dea86e01e7fa128b385964586c2fc0b04cac88015f682e3e981598a1c0e6fee05f31adf3eb541ed0618075dc61919e49b88db67365ff00502bdcbadde0ebec5c83c2fefcc768454bf1ef4ca0587fc36d30ba276899a3867b5f8f5eda203ba167c4c2be0b446b99757afb9382358a6ddbd9a768b5965e5f788e554e5ff8bfc731111405270fdc0cfde6dcbedb5e2d450ed2d7d9a114aefb3dad2d9ea3e80c042d97bfe88ff30ff379509ffe2d7dcad74c5abf66c48a531d3cca97a88d6d3f48b5c17ec5d130763edadc2f1ecf9c6213323932b5446e910a2aef1f4abe8147899a9f1d9f76570df55eab2750b6dbf7219d7429bc7d5308c6b40a92bdedf80fe4f78ab56dd7d876c5d7013152cab39fa2022da78fe93a7463bfa143d61729c7b7d2ad55316d5fae7bbb238f1f601280d6ccaf6edfa7b005402d62202270fb3a790cc69c0ae9ec6c5e22cbe6204da3ec00b0d45ea50b12da51ec76bd43bfaa10b0bd59ea6274118ca1aca53221853de0ab12d3d1a2123bfb0748c38ad5637ebf16607e8a63c5da8689954e7d9a97efbf76190a78f3ee021de95192aae5feb66c621b2beeb533815c4153c13fa933a23a0226502afd5e51947e1e950e06df84f53906da129a5dcfd2ba95d7cca01a0d5f7f64b5b823af45c1bf6290f8111222d5fa950396a3c1e06dd99f43f06c798d7e1c05d7d214d3f59900ad60dcb2f0a3d1c218c22c74794b08aa3cfbe556d6dfb150830690f6a8b886563bd6de4ed29ec2d0ce61e840db3c39aaba1cf450dc7c2713467d727de0f57cc5d8d36bfc11df2e6817c74df40cf917151ef27a793926b1d4f12e388a9ba6588156f570ab5c0e7364a7cb2946fec0f74880c1f8f714ef2b045709ad75c728687b3da5df38ea8252591d12a3e577517acdff00673625abe4cdc313541ad4ca914dab77f60b6aaf1edff6918572f2cddfe2bb4d4abdfeacb872d1ba7a2a731b0aa97eb342b4952b96d8a7e61ed4d49f4f205583ed5c55e56f12e70a5591f28fc1b669aca8a3c585895e605f0277f9f98d52a3b3c731669dcb133c16cb3243dfbc51d4af7ad07e0851b481d9d708b4ada04d12b07ce7d48c1adf68144ffa2034d459b457e423dfb17f0dbbfd3b23ef10952ca9bb5a129647c0a45c549b6be253cc2d7688d82bcc792650833ed4d2fa1b972f261d1da658ad1d1f285b034383aeb0cf0a9d983b7151f1ea769676c1d2e37b9e0f9807f430ff00643bb07521d08e55fd10236b88a4e86cfb09d77b3d26c966628ff066ea174a2683581d1d4ffcf7866a586e12e6c4dad9098dc22fda5b3d0eb05b15292e963e1eac83ad265c2b93979835dc43f8653707f2fcbcfd4482844a96bec2f429b4232a16cfdbf296916311544da8b5ec46e90e644e774b8057fd2743642414d003bc78ed6b57e3d0a05b808152b4bff6fa15106776cb0707cc028bd0b1aa5bc2f33602d7821574ff00685d87b6bed79627a3c8d04e535656544c2c51862ed111a4db91091dbc5a8e5252ad28947646ce999511ec8e90c46d3ccaf7d774b2985fdac0ac713e6089638e98abc14bb8821e43fc26a01ea01aea7fbecc88e749b38d5a1f9821e5592692f876f7ea1b9e425cc9c1ee9706fd6a03bd4b89d0e09623da82d6a6c2efed030d065c2d8aada57cc018dd6e770892dbd661c3c779a9ab5e0701bd90054ab8c9cce2685bb220734dc456a36af4259e0f99fe115252d9af8c580539603e25648628a2e1efd05a2e0b52764b20dc40ba812ca91f24f343bc4b3d86e2f39bf43aa07314bdfd4653420df4be602a7add11e1ff00ef866610797309e2e8773e8786d84218ed76f11d0ad8d8cfd3d51d113542f51136a8f24017fcf801d408a96492daddff00128e4aeea9c3e65e29d5b0cb89abada3d0fd7f690e089cf280d3c5aa98c20705b058b16ee5f66cccac4d601f70c0a312d46050d4dbd7f244713f8c4862e531fb9632b74b64342f5093e25699c0bbc5c76fab8861f60cab55f97ead198354589e6310be52c1f12c7a0f01456a67eb5d0761dde82aec00dbe8b488ce28d1602d963cac69a18584028e5ac910e4d965e525a9c94105221ed18d0c9e51db7be6e1499df745e2bbb654949c8c33f97a5e916aec3bf446d034a6cb852d7bff0004c045c8f1159d69cc0e995a0af106cf502a85b111a77d194d4f25f3f59200367922196f1ff9943ad3cdd929b005daf133f4212c891b53b0ee7abb4db034d93e5304f04a925d593bba7cc3af62b44c87dccd9a61ab9f89a00f83a37617353c65a08ecec3013412d130ff001be7a2e0057b106d7ae9157fae37fe2ba65aacef53fd7099a3d2111b74464425598ec7cc1457af64de916f55aa9b5e1ed0a490c29b7d6a80adb1b12778d02fed96f47963f5350420fc36265dc4a5315f4aad19613a5f1154ab93c46f65c3dc4d5272eef5b9b155f3283a160b734947e4ea46acdba4c1ddbae5e953b618e80104035d1543a9ddd690d4e4f909c4388269b6b2f5ce1a1e7c6f147ce231776ac8307a52e00d7d206a91f04cb30c6c7405b507084c3d8d4e6865e22552bc371c221d8ccd06e750cb299e3d240455d9af9974f2826a0b8c32bdfa2933636b82310de608542dd5da81a8d85da9bcc00c620bb4b7d0e4b2a6565a388fe7d5297f6951c510f416a92bfdc98286bfb1f4dc041bfa3adcd6a5b02a2c5d4783f8f418101ab7e8348f20867e93491adfbc70b6646e05e4ccb576ef70c14071ac4d77fe2e6a47e93f8ec7d09185661cff009c8cad6f4389b3871825e8796bc46c66ee226a38a3d0d5e9df618b9516044466f12d1f606e65141c338eacd68559da1b447caaa53e3715fa05c282eb02a383a7e570e9cd6ab37de3f33a461f487a205bcc5100bc1d398b7b482fe60c2e1451a61c118b171b2199c2fe1381f908ed8e84afe1141cafc139d7e27733421c521cc5f89ffcc8ff00d64c7a855d2428e69d849e3d14767f774ec812ca95cc731d45b0a9078eef1355c35fbcfa1f2023ca06832a8ebe27c5042a23bc7ce945efe7a5f971f16144e48e97abb27081efd0ee2fe1b66071f85c7f63b5cdd07920bfc98018fc115878111ef623ff00989ec8f083ff00423c0fe9d62f867963c49df303cafc47f2131723f79c13332703443538ae3d0973fb72c95455fb8d62ed56bf12e2c9c1c0e897b815f652df90ef2c46738cc0363f886fe021d4bf3d32a452cd54b383f72bfec679c5330fd34449d89a9fdfce2df285ef85d459b47cb2abd25ae0b56647ba05a3283998eaa5f6f9fa169836180202d473f4b1a8c2aca9fd3007b304067732c53e619e18e2d4639889320ee88b6f1733f5feb2a4b23b91d229d89e4678de9bc381e8464c89ec59d1d8f5693404f0435e83ded28b82d9343ecc95842d3a0986937a0c50db125e7898eeb869f136378e106cc7a53b53b8d7d406633c446a58fd90afaf4da647167fc7f42cc17965981f0ca22ed997470d1d1f56dac6c65c9cc7b3c82a24dce3e7f43a99641e4ef358e63f9c7840ef1c4b8e760577828f669730d93e2640d965f139e3e18f57e12e7f7db89b65f0f5ac6a45de611b3ddf701815546d2b379773f55772280a778b4acc3d92d426d15c10c5929680e7c07042abe1a360904be3b419c9cf4c6e1fd8c906fdb55ee78a02687c300d740eb16e3dd813e896a0cd72fa9c0ca346e557676bd9d38e3b6ae1d69de72f3b0eeea36b920e8825b9c9031dac107e4b35746fe04f131ac7fdc1b07efc2788c5d5cb8d96ede9859cad3960af2fed974a162ea07b525b99f3ae67655ebe911c88ae477fb90a622ecd542b6c1a625bba9f0221dd76336f4a3588361bb3bcc7e1e97eab31ac7732abeeff00c21c31e90343ac22aaaed8a93b3053ef112ec929badfc40d6797b2691a357f338f12b74f254d67a2bd80b3eba8356b598ce558d63ecf52191c3abe2c2027ff0007afece817613497a02b5382fe0318e02ef042cf2fa665a372e49767ee14c20889a18ffddfa17c48b171202244413a010c870c5475bf87d3de9964426f77db4534e82d8b7e0aba954947a8f950eb2660266f32bea9eb4e7bff0013755f6d68b8ae8e63f8e6d6fa4e03344edde674de92fd00857c07f10d74f2719e6e663aade495fcf504d8298fc69bf87ba3ab7d88b032df5f4b80654775608bbfa081431c3d5446b98d78d3a665b3141321d6bdf07c219e944b37ed097f4cc7a35fb2912bdfa721596d53fd8348074fa3e5dbcb17d7438e06c8543b14fa3612c7e2a76b307cf4dcf510ec299c83b1f10a44ae82554116439bf6a688765332ccbdf7281bf94a82f7436cab7ebaeae33ceee9b1848bc44793ebba2120d9bff6e16a2fceb04a07b0a96f765105f0b976c0ab510f89fdcb9afba63f73e3aeafcc22d20419c5fe65564e387a4dbbba617468ba98724a78db3c43af3b347b42219abed2e35bc1c1e9754cdeb479080328f85f83eadf2114b822c0a02792e6a80664ae0abf0833c90a72cbbb5e74ef0765863157b5ff000a3f28cfac3997709dff00c10fd5cdfec81a8e67a49f8f45869e0b83f25723e3b4c5f2b0b694a9a689a3d34305dbc688769e9a816a84d3b182acb19c8a3aea5ca6511cb5d2880f5d4bd5dc25528f7b0c26657c2fab914ed4cabe5728d26d3826bbacd03c74d219e5388c23e3b9a11a549e43094e7eb26ae04bfb49b3cf0bf111c563c8ed0c3661ee4a807d8bb8dd57f130cf86ac9ebc1ac42db9a10e1a845ceee64fa59973523d4ee286a3302c56c4e602c50b823423f3090c55b9636760aeebccc15c02f2bb9b049e839745a2082038ba837a95f56fe28a5c92f02b47e699c05a4a498c38cf512f383dd00b799b704f9f44c91e82ba662dfa9f63b5edf47392c9505cbc237f32f2916adbe8aeda43b87966bb872a92c76657cdcbf7945f461be5e807e852b830c034a25f6960edd1bdd4a0c8f2392226781a23b39ad62dda28d1b03996bf563fc209bf16f0e26586f92a375f3e1057dbe2388200f5ac71509f2d28e17ebba94405b69d8f66356a5e37f3976c81c13e1d165cc5ea4506d3e8e93d8437339a727f88a87f24a783e231677c0ccb2fbb842d8e58daeb82b65735470d2543cca4341d820ac031b4971b78afac67eee95788048018a126be05537c76ef8cc882559aab12add2b4792596ab1ffb7896395e73da313f1280b985269570b8ac55e7b44cc3348bf011a0d72f6cb3e9ad1700d716355cdf6d574661a580d231a01f0ccf3eb3d69946d913a12c82c4bf73e0f8881a7c8fadc89141c969a0510d847b1603d9dc454219e7d730a1f6f2bf337050608a41d02c1b579d088c4df78f115fcfb0bea5fd42f1195084505c1b2be2048d23948048ba75089b30e23565d5e22a5034046d54656123f961ccfd4c677a30c70bc0eec4d6eb355fcc3742b1e3a616e91f9814575651d8f4dcb83d4bf08f30c50004d30f786580f3d090eabbe3b48f8fe5bfd4ff004907e2618e8eeed5b4cb3f11a6ea235f307e2613e9170f794ef00ebdeb65d9ce18331530d31009b23ea2afc12a1815485f9b925769840b8a67e65204dbec768380eb88129c5d3ca51e132468bcae5f97adc2743fe2fa2cbcc5a56abccc266f4dcc6a8f9177664238737b23a21dd63f1c51d23d8b6239fc04c07485f4c611aa216b5970632afd029e600fa8c197bc787e2373028d11d0fbdadd097c0b074aae8d10a15c590143bef77665e4f60bab768ee51d9942e68efcccf7cb3a828116e0a313f2110e95e2ede63b8b244fd810b7adaf86f8086620ea015fe7c4e0ad335dfadfb1fa8068fd4ee4a401aeb7421a6e126d34dea081a19b74962ff347542050bbf8134c7bc6c3880e651d5b0e3f29841a0c54521f921a4c414b056c48dea7c02068d156ee584c2af7ef082b37bed1a10f7e33390b9bb86b5610f109c50f0945dcb8ed20473de7821e2bd3a404c64a79507f13446d21da1c92bb6ff0e52505b45bb8fce762e49b951e7d77e49cf891d9389971a801a2babc3ac015ae70c903a16556fdd00aba7e660a97254b967fd25c5639220b2e0260957ef127cca514688df8987273025bbbddcc4db107e38895587a55a4609a0f1710588f04de82281ae4da9bc66dd3cdd187938d4ec6e03d797c16f418f26ab0b0aa39ee41cafd1c37d12baad522d9de6125a68e087167df6406a801d0bdcba886e5ac38b8416531f2c8ed09b80278a0d9c6e517ede602a41583b570082dc8c0b74f867fad426bf246e9fa47797375899fdb08758b399f329cec54cbbb5f25ea9fcc4fa2160b3e23ea5bbed3c1d0050b899a66c3e98d439bf24a1c3a6225ca5622d457af6d8d75725dbbf5df29bbaff2412d34c6ceaf6c9c26c82abb1a0788a0eec34cb498ddf48f89421e15fc4c133d986ab495d6aa575477008686bfddd75c436fe7d8f89e7292b843686a26bbca8fa2cda5e2a0d74b339c4af0c896356809c20c3f359f7274db54ec094ef0ff00888492b7285c5129204d8f9856c7dd84cdf1c295d63e4300d1fd41f04201e60068880b60b19bde77e353923beaeca2169aa42fb7a2c7ebd64da5d42a177434908662e9b2e6650079faadc641a9fa7ac40d85ab8bf4f7028f9414a4c89b4a5f8cc425cc9f0c054ea70097c85f31677259dc9e244f8c4f666a1bf88bd47cc6b283bb483b46c7ea6beacb7ff52a1da25ab88edcbd499c5d8ecfcc0228ac89cc57eb3d2ec755caac5cc135dcc29c5d40058ce81aa0d0ededaa605b1d66fd376add1947e35200a63ac661b0cbfb65d46c8232591479c7694cf996eecb7bb3f72cd28a84e09e611f9568f2e0b526db3e4806013944b482a57a2bee28c614f58725c00f69b0974751fa0c35b7ca7689f5b04409617ab608e9eb6f68bf0fcc6f07035ab6595c896fbcd2a00b09153961386599fd26276a2cac5ef105a19e2c7c0627b7f53c4fd4a767a35e82b97c4c654ae4f247dd4f9c14e49a82105e6c0cd00291a902e0542b62e8b0fcb04b2f857f29d0b714a5cb426752a0d67f2a9a2f1e865a5dcce5b97cc6b26b7d01f101b9ba77fb9ca949c0eb9be946e5eff4504742da3d8f303ad8b07a0b250d254000e2421061b42e7fd38ab84ef9f985d4fc47eecf9864654ec2ba144a0c59045655630f9478f7eebb2b92a51db1804098198d87610de3049e3632865f74afe581447548e06ee68c15e3de2088e98bc6668416e61ca9c6f4525fa87e11de21b925230b04ad0730198180388fb1e9732cd28c05b3269780c1ecf999db4d821a7e8a4d6ab576f65606eaadea4dc1a1dd99ccc983cc82e633b3167113bc1bf7b4991992dea0d6e6c59ca9ac54256e84aa1b2857884109ac13c18790acd20666453e55caf42d5b0ef260fbd3266d9713b3d56e2e396d6111ab9b96b6bae846df1d1dfbee4a96ff001e21169183517389b77bbbbe2291537f2ef1f7701f7cb713624aa7689ab8eef1e1d92ec1c128c50579859a8afcb2a8aad765f880718e4862868dc629fe63315cefb29a2879253844af35284acf046facaff24c03d4cc8c65bd9f12b5720da2e9018ffb4337e8e7721df3d2a3759794271fa466bf13216163e925abeb331a2f65b7f3de18fb10e2af7e1031dd6cb2163be84a5e898462411885d521761496b04239446b63320e84191040d84c3284bef64b981012ae6bf1188789a17d8f5edfe7a7c079840cb90d7e22fee059af89c4299e4e3c961d8896e4d4b796002ab4de188f6a0bcac0cdb95e5e9b7d4efa1fcf482da32b139ce7d8d5cd26fe445030ff00d6259df739542de97f29317cdb17375f3a3f209e33207ee02a4e6d2915c7efa9a74fcc4682daf962a66576416ab92e7d75485dc1e1e6698ab3f891df4ab14ec97085073c109b47e08b944bc100edcceaf14e67cb00ae502655b87c4353a4f4ca2a8c0413074dcfe57d8e20bb5d44d8aeef47b4aa6d2bb93180f27084bc80ed602e47d08dc3dade8880fd7663a55c0b4a67100411629d897097d96001ea76838364c1016ba3a57b4ae8877006ba57a6a101af23dd8dcd856a33850693d851e83b1ccaab8a0779676860f695f12a57b6af6aaac6bdde9c2839894ae57d8a845589c4e09759f7a19926ec559fd02d38a60efe9e61882608f7494f5023d5070fb2a0b0beff0074a2df34c635280f63a3ce51f0b17d83dcb785d35f4f659d1da6c68a7ea88650cbf7831176b4f8513e980e409a80a81bb6cf6180a9515b672d7b1bcb47804ac95f7c666d2f5a1fb15798e7be2930180e3ec44620ddf69526689501c08e087f421eff0027892d9ee2397dc5fbf67b7bf7bd0475f67bd7b29ef8ad021d92762c343f241f4034eafb90fe8431c56c1d3157de5fe3220a4f8041f5c48cefc41d4cb46587bbb29fd0c334ae2e5784c03bf63da22ca1dbd8f0520410e9293df9a606925c83b7ecc5d81c9128ab5dbff0ad2dd0d1f7b1ab28c883e9b160ebe9f0b92d97b11354ee59c370fabc8b2abf79724bb92e42f73f6ae53cfee4b7d43dd1b0c98764e73eab046dfb357ba7e85493b3ebabc6e3fe2a12c4d046428611fbbd7616a5aad9b0f46efeb07e92ce10040d6828f675017d2d97ac4a6d67f43188aadab7fa59330e4d715fd03acc6ade3ef0e0078fb40200b587958b2fdf67df73098652cfa14917d2e2571b1365cae4471f70d7645307d5d817e7e87c4defee3e73b564fb18ea5da9420503dffa32f818a8d9deff00e064af7d6dfe86637b73abc7d5fe2ed99cfaff00ffda000c030100020003000000107fff00ff00ff00ff00c30c30c30c30c30c30c30c30c30c30c30c30c30c52010c30c30c30c30430c32096c20c30c32830c30c30820430c30c30830c30c30c30c30230c3ca52810c31420430c30c34230c30c30c30c30c30c30830c30c30c30c10430c3d200c30c30cc0430c33c30c30c30c30c30c30c30c30c30c30c30c30c30c30c30f20030cee830c30c30c30c30c30c30c30c30c30c30c30c30c30c30c30c30c30c30430c32883cf3cf2c30c30c18430c30c30c307b0430c30c30c30c4a830c3e2f67dff00ff00c30c30c20c30c10c30c30c10430c30410c30c10030c3f5297cff00ff00c62830c30c30d0c830c30c30c30c30e10430c30c300dfec51dff00ff00c38c10c30c00030c30c30c30c30c30d28030c30c3082ff00ff00ff00ff00ff00c30da0c30d10830c30c12423430c30c30c30c30c1bc1f34fff00ff00ff00c30c90c30c30c30c00040418c30c30c40c30c30c3041ff00ff00ff00ff00ff00062120c30c30c30c08c10430c15c30c04830c31010c3cf3cf3cf3c228c30c30c30c30c30c34400c30430c30c30c30030c30c30c30c30c30c30c11830c30c30c30030c30c30400830080c10c30020c30c5ac00c30c1c090c20842c00c20c30c30390034000e02834a20c30c18830c30c3456011808d043c12830c30c10c30c30c38830c20c30c30c30c30c3104cc5da5ded8200c30c32030c30c30c30c30200c30c00030c30c8ff00b2b3f789785830e701e8430c30c30c30c30c30c30d18430c30f6ea7dac32c5383c32b5e3b0830c35410c30c30c30c30c30400430f842a6acc3de64088f9806f2410c30c30c10cc0c30c30c5513bc30f1b778f684c4fe1df23c293a1e8c00c305c4330c30c30d41c8280017d64241d204922ad3323f38e314a0c34e24837c10c310084fd30afa4118e60ea1541bf2c1459a037fd2410437cd0010c3cc1040070bf8a8e2d3a0030121258f00ead24de4400ff0300c10490c30450c28555ce7d12d1fdb214cc06193c90000c30c30c30de9470830590430c39a2dfb4304e218a041ce21450030c30c30c307372a0030c30c30c30c00c29589bd8c00cd0031db0c30c30c30c3406cbfcb80030c30830c30c10000000c30c00830c00c30c30c30c34c7c392210030c34c30860c30c30c30c30c30c30c30c30c30620030a9cc1bc00c30c0bc20c00c30c30c30c30c30c30c02030c30c40815d9cdfb0b0410c30830c30c30c52002030c30c30d62c0000170880c61ebefebfcb0c20830c30c34c58e81c90c30c30c0d6c29544763e0d08845b8e0e12c1c10c30c35885101830c00c30c1d8472e9b66720c35275f70dcf4d0030c30c30856114800c7001004218b2d8fd83f0c303e844837deb8c10c30c30e23ab0830c10d55fc25f7f7fc81bd0c2257575b309283630430c30c38c10c30c30d6386782d1a3ab0405963d1e0394a3e1c252830c30c30c30c30c30cb69ccbec15c4f94351925853df7d7022648c00c30c30c30c30d105ded452adc188fa8e48c46a1bdf7dfe4c29c410c30c356c0c3001022f5386ab8777463005e56527dee0ab6b530010c30c30c10c348300d7aa5372f3c38e816496404e99951974680c30620c30c30c3040ae51a5189ed80e05fd82514df8a9a21cb8c10c30c00430c30c30c30d4e3c7ad70402b1820d4208e07cb28d52030c3040042d890c00030c30208f8b5b182ac3050cf0cf0c122b00c30c30c30c34c30f78030430c30a00480e20c30c30430c30c10830c30c30c30c30c30cb203f430c30c30430c30c30c98c10c30c30c30da0030c30c30c30c30c10030c30e92830c30c36e00c30c30c33020c00c30c30587000c30c10c30c30e28830c30c30800c30c30c30000c30c30c306ff00e00c30c30c30c30c30c30c30c30430c30c30c30c30c30c42030c10030c30c30c30c31a71830c30c30c30813800c30c30c30c208c0c30c30c30c00430c30c08400c30c30c30019200c30c30c30c30700c30c30c30c70430c30c30c30c30c30c30c30c30c30c30c30c30c30c30c30c50010430c00030c30c30c310a0c30c30c50c30c30c30c30c30c30f68830c30c20c30c31430c30610c30c30c10812030c12430c30c30c30c30c30c30c30c3f830c30c30c30c30c30c38010c38430c30c30c30c30c30c30c30c30c30c30c10430c30c30c30c30c30c30c30c10030c30c30c2a830c30c30c30c17000c30c30c30c30c30c30c30c38030c30c30c30c30c30c30c30c30c30c30090430c30c30c30c30c30830c30c30c30c30c30c31430c30c30c30c10430c30c30490c30dc8030c30c30c30c30c30c34020c30c30c30c31080c30c30010c30c08c30c30c12031400c30c30c30c30c30c30c30430c30c30c30c30c30c30c30c10034310c30c30c30c30c30c30c30c30c30c30c30c30c30c30c30810c30c30dc2030c3ffc4002211010002020202030101010000000000000100112131103020414051615071a1ffda0008010301013f10fe1577545552ceff008571a51dbdb62fe5a5ff002ef15e07b372b3fdf03beb69e20dc082cfe1d02a54a7c4e9bf874f7ad2fb4885c7c152abc56fa13b2f3c1f311ef5edd68adf22ab3e0dbc0cf5ab6fe4d74a95477e1444af1505f485c44dc0b95d2a793cb885c5fbecae63ebb949980a82988c029bf9978d4b86e6189750a952891cd16fe519dec6cada65dcfce060c0be02e0a79ae174895f002bc5ee25d2f87eb1e15e12b820f7c53336400cc2dc188abbf06eb13fdf81a105a15167a8060892f5ce5551137042a5dc6c682e27abff0023759dfc0a86650ccab2729a4dd6e64063a9b8dc729718890585890bfbd6098953554685e63b46701b648c4520535e43db3f2f3d31163511692b816c5cf4254b6f8a0d844b95288352c45771eb88e4fd4bd5cdb303af00029a823532cc55f3fe70611562a592fc2b81978222348d5652fd8a26a5c581510d665bf646c9856af51b496e92ed7ea5a570eb683fc78e7816c88fbf11c790415e3b43292c332ac31db8982fb8bbbc44ad9f9183aa7ef3f79a86a7b4225350666698532620ca1a8a9a202d50950f145df16f58d451d9035d403689e9980be227f94fc222510d3a5c5d26a059590ca5a3f25c5e875445808a85c9e54af15d22842c59894f081b750060944c423195f2828e715d45bb969c398b1089be911120fbc2402860fa314ef942573cd36945c750b4a831445ddb45bdc3aa7cf6aa7d5054246fb885c2ac3a2bdfc4fa38a785eb8107710b42df8d15fbcdfaf897ab9ae376b8acf02952e576d4ae814364783478e163c2b68843cdc78b3096e584bc715d0105564bccfa00202d253ea1f8b829dcda7c2d6306f31880a780b6f854a600f900b983595153d183544196bccdd1867d47d4c674c0d5186e0450cb7df24cccfbfa881435122366e19948ad235cc5f21acc4dcd462d5c5e5bf5e047c1025a0c81808a85920115acf1ae2a3959282c8140f70253688369703644ac3d171555e42d984cc41715db2c7bba449a48a2d96022cc4e70b622626054cb442db434130bb94609ed32d89de06a549822c70d1848e223ba44bd5171444c3c85b00a0850a659c257029a89b9b9670b3f2332b29eda38afac31ef97d7121bc7289820a7bf71e1b34e35c968400c6198dac78c34dcf460dcb914d3b517eea62b4431186a667030616e5041a26230b2f0152d069b9a0112e3631cf89f69820b8a2bda0a3b94a43c0dc41be003370bbd4ac61339890e52ff006346ab8554965097032e7216d40f0fdbea633ba89d11f2265ca6254203b20fea3f58ff000cb2d732e68b946e54606c885b017800b6515888d9f5306606063e0e05741bcca5e21ff467b2c7d412ac18dfa238f41889932d1c152477b2521367d4b96ec97c04616231d93702a10adca08815de8ac866d8847a65894374c3112995398f6c4c161192fd4be0855709d4c833da67b4886a68250b2f95f2dfae97ad5419b08651a66280608cb5dc5a2b79b9625cb4be68a1197d94f71e8cca96d12df92b5c955dd8ae9bcf6a0027885c4aee5fa895d1a2d30abac6a3e56fc1b0116c3f80f7fda972ba0e2be493444dba8a1f0d0398d5e3fa016c4af2baee1a63f22b950dfc34b6fe0a0eff0097a5ff006c5bcf215fc986fc08f7d3a4f84b3f8e2bfe05451e478fffc400281101000201040203000202030100000000010011211030314120514050617181a1b191c1e1f1ffda0008010201013f10fa2fcdfb873336a7d1541aa09add07cb20cfd5b7cfe19bfcfab5af8a90c6de715c78e11835fc926d1c8e758fc8e76e1af3af10375bd6acf9a36ab3b75a0aa95b958d1c7c3ee2dec58f1bc411e36c0c0f25000c781abf0e32ed8071ba3f4b9bdf016b2efc453cd5a58730478db0473e7d684d4000372fde86384cb388bbb63b33192f8af98820d6a31178d452364ceabe519b67ab8816096da1b6f14a6ad740ab6a00b1dfb8b7e202988df18d93967ee50c1e2b1a5d45667fbb609e47ec0051e055e63f007262a430b08f625c8f15cc33c420de2546e1d0c4febe097788b789533a861117443a307fc4b591dcddc4ae620cb06b584e308e3d13226666c69899e612e8e85ce0d97e59695f5e4408e88195a388044cb2d67838961016ea3458234984c964be002593e929752c2f9c1b3bec8736ac310798b52a9d69798c068d90a0bbf2e656ee2d0c72ccb5083066fbd2846c62c0394534541dc7b2cb1d52542b42273fe4c2163b228de810e070c5fa0caa3453b85263c2a2a6d8f5e520f8d3a253d44633b703b34776bcc0e86571f699919fa4029656432a978b882532a1d139366200bcc3dce31a4d56aad28db69e62a31574c0711e94fc27e52bd67e33f18718886999c74a5e2751dbe22b6658feec90864e04678475012b8f14b82c2c4236673369999b2d938b27e139d4b9cac0ad73763aa66388ecd9745407a816a55c6a9e608966c5c41e6595a81fec3ba17184f4afe218e3556806a83ef00273da62e32c1708c92ee22bb95cbf842ce913480190c979129c8866ca3e590bef4a7bd310c1ca08e25006671e39bfcf8f5b67312ca94f7005d4bc0b0e8a49289dd7658a530d8add2b5e160d431262982d11d3b10153997ada512e9730174f32a04c3dec20d12e95770f782f100704c6771771ab2a20a534a46736e652eb44242a5d053e4caf28e15e3996f86a5dab3588e3aabfcc4872af3f44bad0371c665ea2510ccfc35a94d2678399c7995377894481c17045be728ec94282014c770b300a352bbf17398c5415062340d1e61ea78569049822c9b1303e4c68eb452f2bc3f904166c220e8e7c9510a300066786012e5ce630d68b3fb3ad86a86e00713feb98380fed8a5ad883492ecec47a3a310d72a6ff00d4b872e908d1dc788f5284464c1131af51c7821dd4c63f6155845fe306aa801c4014c6739a2484f6ff00c8b79810053fee58eedccdd8826f94c56e88f31920b920e5de95ea43108593f4d165aa0b64861675ff00b000af03a98723b98501bc11ddf2eea530fa62f094b8d8731175324f6400e08fb451e2d04b84c93a6b31001478e524cb44723996fa2b7687a688b70ee51ea703704a565dd4f4a098a49154a8a89d4a8f6ad7f13ffab7333a9b2c51ea377332de0a8601997ba7904ee99539872657b8692ce0941c12dc2665f821a9e6214bc5c08f07b8a23dc502e2dc4bd79110a1787a08221ab06bf601feaf12ef64baccb43a96e644733a660b61ac1447d586056579526fef477c4ca2464805ad3ebfa8866310adefaa6e5ab114ad9464387d422cea3546f80a659d33a7c5062ca11428622b0310eb609dc13f0c75cc3ac4764a7ec786ff0088f64a96e770e43998923e2e75ad932846bc0ccb8b258c6e6d0970476a000a3c1079d28e752179bdd14f79d67cee56ee51cbf282e3a2d8ae37bbd90dd2edbf1e43044b3c82b5b0a97b28e50175b68253028a3ca837f04b161e83371faeb07286f05ec5fcb76e09ada5adeddec2358e61c67ec152e0d975e417bc9640a3e28d7902f1f0c68af8229c7d58175fbb43ad55fc825be02578ff003f20df5f0a97f4e0a3e81ad7e4f8ff00ffc4002c100100020202010205040301010100000001001121314151617181102030409150a1b1c160d1f1f0e170ffda0008010100013f10bfaa7eb54f529ea532a53d4a7a94f529ea53d4a7a94f529ea540fd5986b0835b66584af92eb69967cfde99680f314a05c35fe0588f960ac8b1e48016b1981ca326aeb963bb74f11c2b632b22dbcd435f458a0f8ace0073f55fd0996905a7ba6f1bf786be6423684b9558e5a1f2632d8cb06b84b2ec6f532e4599f426840144e3edd8e30cadfec87e83616a1b2ea1f4fa559fa57fa507a2fd53754397ef1d4c8891359efcc3f4a0afbca3eadc5fa372ff005c30a8731842057aa7b8cfce0805ab41184104bb5a6150005b4b85128b36bf5fa8b731e1f34b3479fa5fcfd0ba46113e28dd4752b5a72d318285a96bfe087f9591601731a8f1154e04671f62b3339fb45f9d6178d2732f010e25cb972e5cb972e5cb83f48f646b55d8c77cf3395dbf64c123c07afa9dfd9ba9dd3b22fc57bc2b8f9f5df9507a8f85efc4bebe89cfeb8de02ad0173591e482b659ca45f40db994bfb12c75f40dbf67ce3ed74661580cc1dbe21afb2a8ab75f7998787c45c455fa9c5fbc0a1904d3d5571f40f80a08ba0b87d765a1cdb053e087daae1aa642f10d7d9640a51a46a6258b80a752cd9003555df7101d16071f40e7e0a0ef4017f286c1c170fb030fe8bb40cdca8fca34d1f369864babc319f62dbf39f0e657e8fcc3048759ee75f556134dcb55205f3f58e7eb3a820a555b957550d7dde7d0145b747de1cfcb620720af232aeb3f1e9c9f418012dc1c3ed0d7d7ba9c7dbdc33f5cf95f10e7ed79c675d2fe4b9c64bde869f6c96477682436666240b6e8e3ebe8fdcb89cc4001d4055bdbf225c35f7757071d45566bcc05b41d9e6d8fa67ca8d91406d660c6c8527d9d6c540a1babcc774f981caa1f5ddd10b8e907488ae5293eece7e509901369339215741e83d0fb1221c9fbc7eaa6166d21676435f29856d0f460ac30148a384720fddf506c076945baf812565e2bdfe802880d374ca5bc394ffa21af990266e813376efe834003ac01fcfa4b8eceb8f47d2af9abe15641f6c12837eb095f72d55131abfb86dcc082447ab6a5afbfe9d5fe10ea336a5417f99cb7bfd50956b94572c6406158d974d7d88a69afb43e4bfb1b2193e9a66e53d7deb5335133eac2b8f0bc9f2f33030905af707c58e0ac199d0138f94c60dd90420da5aa9e7a61f41983dd052d56f3c4029481d0bdfd41ee36391cfca22d54160cfc2cbabcc70862cf819fafbac822c1ee39d56d97e9ea23c0482b82e2c2aba62f7f1e21ad7691646d9503a3afa3b963717869ab87d461ce6a343ea81be4025e73e21af831e454b8255ad0712cb1a48b51e89401cee596260f30f8198ccd5bcc37f71735d8b7f25431f735f25a8d103569ce628949d4d9078c31eaae72ae716ecd47f769a4016e398c7da9ed3aaee0758e63fde5d7a446f582133aa88958a572c1b0f644ac4d42ace587ead77156da838f1f022264313bfe554b28ac426ab4b762b75e2509ac751aad24308fc43ccd7c392dff004d9960f37bc8ac084c2601e228654ed1bbf12ce58993401cbe59755af209c37e90e8fbf3d354943b83edaf113c3083465e20a688a59965ecb67c70da3944605e8cc6259167bfc5909044748ec805c47ab362eba388991bb0077e861c697516d54f5592fa6ed01d4a448dac976afd3bfb462e5aae42f043ed6e68087b0414511bdb2c20c992c3cf99a7401d2f6f2798409a4d741f24e25979aa3d6685700dd9cf8d4af98b3a533c257f71542cb725aa21a699c27cb72fe4594335a3c1c67efcfa4c12182c981dc7659bd70060641b58548db6e0a4e6f1729fa4b2633d4be61511056022fa0f12d69c38a9c9d5c413946a162f0884f62236cd8073389f32f13fb818442b2b5687f70dad79b387e0c57e1636dc6f6e350b7d88a2040bf995f1710717f2dee2f962382610a51327b7c3d230bad417792190eb8aacbd9dfdf69b8d85868aefb1f499884896d353611ce3f085e1803966a60d66b69311c6d1169decb96ba86abe6ba8a0a3573fa85ed0f5832cdcec55f0dcdbc29a83759bc41626a364067430e31010d4e947ec78b207c5814068f87ac4d301d8db7e420340c5a0c2bf8f9b1b3a9cee1775788c14f0df83ed704af2a76d63d619ea2008410d945a07d175eda06d62fb7d26cfd049d308978643c916489968ede4d24a65127506ebb8ac26fc1df980595351527a95147c057cb18ce4b76d0516f33f750c4043d90eede37341cf54f78b7f168b40d1756f1388bf025c0b9f3f22d41bba610e8e07963f600c60363de57e95fe34383cb381224af56e5036c6b5f4ad27ec65a27dafdfb2c582d1b23f37dc209d0603f008199b06ece180ea956baf416b012b5b7007bc3d109455af043728f7ca5cd4fde4b924929ee57e750ace71ea958707c8c9405aad01db1fba6b04b4d3a3b9cbf116581ad22051d9e1b88de8d95b69e60a23667d58c1c79e10540c602d607bc6417f020abd88368995c5c8fa4e7f487530380687bcac108017be5911f31528227491afa3f0b9af0ee5bccdb941b6dee16b2649e75b989995842fc4559567c50dff0051a168c0287a12f0fa5eba4f487ade6ba37ee8e58145e00ebd62f546c8b9270a45015506d58000ac88d8fc008b6c0c7a6b98c79a2e8bb1c4b2d6c430dc1220e12e2ad425e3cc5c6e6568b460786609772c7a5c5cd19bb9050172e89d4b1e3015b0750dfd8d9f52e1b9041da2cf5807370b8dc2dd3d6a1f14ac53f33155281d675020a0a8a00d436ab9a2d856f00390ebc098e8e1a9d84f33895b0bd35050f5772bcb2d21af0bddc76052b34c919b66662cbd9ecc1f55b9605bf9bfe618da30e085e986528a70e0f58d4c6f6915aaf3c4358923225405ed77714090aad960f43b95d08e897f979b86e6657a5cd3976cd8b75676fe23f0a0d9ef8fda058983757821da90c592e241ca6b71d5a708e547943306a021849feea5178f85cdea5dbe3e8b051a0cc187ee4b63a80054c6ad3dfea83ef3e4f5e888d180b03d12197ccad9affd6186318ba129c0be0a844c85a2eab0f243bf9aa270056a036cc21b236781e25916675e0413d40cf2f4f804620a2d270f88cbeb0ba70c398629a4f19b22f4ea4fa113bae65643e8df62f87894c57cad0a4b84470b2bcdbad18c472fcab929a6dc9373cfd5782f100520a980f3c5d41f8e5a5f25842c34318ea5e0271d9ede63df8a83a4e221a3094402383f887442943c6d05dab0b42f4b3f961ded410c3df0b0fd9a8ec917fb59a60518544136230f85ebb46335b094357132a970b35f07e8540a8b88a86630b07865eaabb5473f51d4e1d040dfb2bb82b3af8c7504208fbc3113674411575e73120db4eafaf996a115ab49aedf69eb0b96397210f292e5f35f0e1a8b3250977e463056e62881122aa85efd0208a2d276791e49a6edd59e068f581022add9f58cc94db4b65bbf90ebe2580e47b2f9b8a23cdd9b037cda50ff00b1ebeed421e939d943089a87c7ccfea39c2392556ff1194252214fac6055a6b7d5fe91aa538f97bfc8ca07c7c1ee0cde5d0f100c057c1a8f22d0b71b950f7f2f10cb17006d88850611f8151065694b3c3e964f5dfd466bc5b87c0f0cb851715998210f09555fc918dbc280765e0958432e4f16937a877b04e461f17e09a06d283b8d7a564f62d60f7da5239ffc4ba93c38ff0068dde76c5ab50072b1596227847e0f11c9ee9dedf24b3da85b7dd8b5f6846e5063b9cff984817d0115bdb12ab5ab27d664105e1104cd0b8e2cea17278141880b407068e47c1148f82dfc470255629c24d915e26c78f44e487ce887e501da57045c06ebbc87d65fdb2e1f0b3e19f9137a687965cc34ddca0f6e6008307cd41765965cacbd00a3e2c9110af2ee03d4d31f67c2fe9b29554443b9029dd89c917603cd51db83c11d3c6ccaf5d268960eaec77e8e1849b6608f3e608b228788d02b680b86942e5a7f3062c9cb78e6d81ad8055ff24459433cb918ab1956a4d457a2cb91156566698139618d2398cb03355bb66a7365a4418bce310ce894a585fa67e25b308756e2d86d94058aeba95eb11b1438814d81e85d31d95ea374985d27840028ad01e87967118c795034dbf7388077563d2f1ea6a68dc461afca109511f2e0651391a662443e8881495c17718138214bde38601e3f695360b6ade217eaa4a914bb3393e7664ab2afe54955f0a88761168316a019604894b17f73c7a402fbb057bc16048ed27965e5e945aea57c7de507db32b71e11af10965478b8b3d5a96cf329e98e2af3b5711a8061328dcbf5f6d227fe44a276a432964b62fbb6dd894b075e49b7e162620f10758b7bb0e8809e2badb98350320b8d593047714d8300180271f063ab6a1d807e1e62b5d13452cbf8b8149f22015d114d5d7ae20aad7acb97f316b416c452044d8ec82a148991388747ce616b986abc10723fdfc34bf6221f410a521477db0fa0c1006dd1d6325cbdc793c3384480d67fb9775f28ae0824e098ac462eb961c042cbe78b28559de16226698b9638196c8cf65995427359e68cf3d08828411291e48ff32b687e1153445b161983436c740c0fa8c9dfc8b0aea3b2d308db77d2e8c0c6ba0c17b25028e4afc58af60a42921a5fc54725ecb6127998843d5037584091257c16a51abdc229c01f4913678661d2159473085597692e5659a8d42b09aa44f1f2a3426419075b88d774d07c0b023491415715bfda5ab303492d27008eebcf715efd07b8195eee76c3c330ca797f53510f52bb59e5466d6e2962da2725ce259d8cc3f3e6c46a1de559f3703fb2cad18f13cf0d62a42804144ad42e8c5c6308e59e596ec7aac5dfdc28ae9fe596c78b2b8b21dc96d6b994f642d65abb5ad57f944adb47ed94a0b55f3987c188503d9abc9e1d40ef25b0db97c92cc6b76106647a426420148f0ea158ea312748aa3f5e18e10e750dd0f210ce6329f7c2a2e8ab7e5f1c4afb8ab9a415101a4d5e117011e0a0040e402bda521ea6216b57c63fccb121f225e61ea47fe04620c1fb44396fb22ffb8441fc912c6a5b65b84344d1a3f29877f9c3162f78729c13fa4c33ecc25ce37bb2cffc8d37cc3281e87a041c3f1053222d97f0b87728225ca701e768f4764a093ce3f17716f33b71452a9fea927150700240141478fb3b867e80fd0a8c76b1d4ea5ba9c0459d3299a3a61f57a568d3e8b240d58381fec9570943954682ff00452718fa9854c79661b59420a08c767c2bfe546629b3eb306f7ca651d5a1630dd231086df3cb301a010d7c582d8d461f076c54bdfc1254e7ed2e5e21df9136aea25a6da36ea9a873f3dd0bda5a9d10918cd1477f4521a71ece1f10ef14b6b3e9c0c695dd32895a81f74ae0ba2edbf31a17ea7d289510d2b4fa464f950f8b97299c034f305da30299c0401451442cca7e27627bc0f45f594ea1ab7ed0bc35af7e0f331ca79b8347cc5bd6e59618a4d2fcaf70d03e430d482a3d585f1c9d890c9f63ccbec1eebb4b135e57c790f30b481a16724b07715b0163e930430519a99926108957f2b1732952aeb11cb6aabdfd2a26c67ee058960f4c3ff19783c6c99e6bb99d04ab1eef818d3f0f6f899c54f3aec48a09b6dd51258f6f3eef04add3ff0014fe60560f9ea557c6e397ae79a651cb8a8a00d01f64ee1833dc7af677508a8bb470370113b48629dc353d62b452b6f106cf144c25b17ed1a318b587fb300cebecc36060d5b3daa950c80ab54640cc082179c12a8b6f1fee8689ef4b03dfd223c0c54c1de88f03d44f8085b9ff001167f7e00c12d96cb915f9f38510f9588251c6b56d5c4f6c1b92969534fb2216b519ca04b32b08839c316caf27730d166cd78ab995011c045df6e160f47318a86562769ab873415692f4e7da1dab66c767dad442c2fd629c27efb2128abd74a2aff7617ee1296fac2f0409cfcc348a597a953b6d05d5bbf958eb02f28f05eea1e01e3a0bd4e3ec5713224ba3a7c058cb852e1f89621542a3fd182d5039fd626b9652be5880bf65e623f5e6cc5f820967af74de9f2c0c6044f290e3f94ab0a1e3afa57faa1396cd4af150a50660044afb7234b1d65de20eee5d365f983a3220f83083b9a6bf3dc3d6b83599ab600b5b71e871089c123c2d9fcfd162a0312b9b0f5fa9169cc040f78275383a46319c04bc474fb4e82e1e8c680612b1d6594016301b1f78707ce3889c8b4ae19607688552803eb443e8d7e9b6319be43abf9400f670d9e3a8ecaa2abcb2fad0dfe61f42654b2007cc2ba284c2fc32f15b2e71ff00dd4a440b2d17c29761328b1323ef185ff6883de588712841e439973e7a556bf5d81020aa0bf31db4a4ab1af3fa39bc1aaf3ebf156394f6ac101df9f885e1a64804f203eb2f3697ed30b28a2f3cca01806aa0ea7ff98ee59a941b43c5c50232650f6801a0fa4100b4d011588ec293f506af766bd2cb396f25be2f98fd0c5092418bd520d4df57a9524a8c10a920f233959dfda98afa4a55012b4ce7e3955fa1de7e96d4b449ec4329dc2dbd27332366e00050797fb822845f59799c97a95f313f68f81a16f881f5882bcc144a0e7e1c44b59f4dae0966897f73ccdfd9bd0c835316637c5b579fa2c2dedfdbb17495c4f2281ddf0b2ab1f1a9b6b84794f2c761e630ac72ebc32ba1a07b46722723b26156d6ea73f02f2d41d8c19b0c8f2b5f721988ba97ae62c221b2257d710c0c59cc4c8c60e0fa3a711930dd33488355411e3a0f04aaf8059105e5898b81a8ce55547b25c8671bd180bb2cd7863b0700947aaecf8b756672f9f68a82731953cc7488be21f64c1731a25964774881a9998945c4cfd7609adfa4a42c1eb88a02de563535bdaa229d8d91a520f9f86e5fb82deb5772a32e456503c84cb6680b1dd3f215116a4139bab3da30f8423b19252b40df5108db6fc6d1485e198425b3e7832e656856aca1a430d8ff00c8b4a51f25fd73232ca973422a995f8518a83d3481b74186041141afc12d2c5ae7d250720178491a6e86e1d5d7d7c61b710670892eaf4073012659cb3ba7042a5ba08fda7fd8891536087f32c48725bf0621e0aff58693349a8cefa0c3044b4370d4751178f75f3e021083155b43c28ab165afd98f91cc53a96fa58e86ce38b94d419c89e73290030a828ac75f1018e1e45b4c5b0259953c2f1ed18f44703d040a31f175030193c0eb1b598e53fd32e65a08d26bb3bf6fa8cb6d29d69ed9b5b84414161b68cd8158f2c0ca95940c41b92aabd165fcab9a97b2070b0761661f694775cb872dbfa85b648f26c7f1f5b2035a60254c466bab3407329403842a7819230712c578ec888168f68a5e1f83159ca91088a29c8b5e945eedd8efa0ff0070316dc860f58b54edd49ffc9a8729fd846e00afc87cad8a732e029adcce929eb189b683839815a8cb72f5f01045e514604dbb387f104ef30377da6447e09710aa9dfa7a20d685b77a81dc563470c1d87a59c7d3617612c37bcc06168e68a95788150b37d93b6263a432e9e57af110e5620226a1e0d8a7ba2fd601e563c4295702c5c1681bb559bbaddc20a58fd5cb5157ab2ac6a8325a4109ada0ba64738fe258190d2527a33a50172fb32e93da8bef119c669c211c91e789cc106916e2b9034047b61b6443ac6e209415aafa84dfcf51f4ae2bc389b896bc45b6d050b731c968340198d218b42d8a86360148b4152b02751007693af6e98656c286260f50f3929a83c0e2c970d1599c1a2c1f7a866d5c06e8bfa8cbe0eb78bb20ebc2336ac0f92563bcf7b821187afc5b0372e70eaddba21df8d3111893eae461d40120163be612c3bf91d40cc425da1bfa17afc40f5fbcaf00145c3c4f3eb0866456c78be9f0cfe2365f0b53e4f3160a480b3650f418dad0b4f05469f6d4f345cc59eb37097f62119bbd22d4172306cf99969b4d5ebc4a8c103954bf87967930fb31da50fe0d7d73310739943c04288be0d5543b3f782613c54ea0b26e1da356e9804d904e59403b8fad281b58c623549e33f304401698a2cf45c30aa927d2a9d65c009687bfd6d67996a583315e700b61a6557bce60511cb211a8859505d3567715a58bf2ba9a5115a673f29f0db886bb22efeec745ea36eeeeaa1900b87c461f27c28070f844176601fcda982b2c0767610040e9593575a26eefe14f3e1288a6cea05108691293da302b1192845bff00e9dc58f5f825614fec8f6f3033d87e665c6d2fdf110cd05e4829527887fee20eaa44d867756622eb1c09405bf7954663af50f797b91c16f24c75d8747aff00083876e7547a1f6941e1cc24703358fe620a7a5a6d90fea5dd93c8f07bb5377ade757a3f138fac352ba885660aaae5562906d470cf58c49976cbd16fe9132d12bf406d8754447855bfe1f465e3e002b404f09631f1affe73a6700d3911b1f7978cbe75f031ac4f3f143a9e3c05ccb8b57d5818848258c019a89917dcf54202a9b03f21f3308872542565c5e0d40168336c1702d2aead944cd1808cf20b6143687f329c85236f0b5770b50a1942383a113002a6abf1e2285d5c0b947d498ab0764225941811f3a2ca806efcf89a488308efeb3e20b06732e73169514ee396fe930bb96d04db8e575530fc947618c6a4a5023416303dc23009569ae2394483d90da84423a906d036b393e926e5edf73b8b82f4e606062eab0eedc7a46294055abd98c56072a507bcba31cb0e17fe91a6712b3a7edf0bdd189ef2cfed08068f88bc3a81147e0f9506f128987105384b31de530ed0897b20c2dce8229006d75517b7a8cb9f588d06c63fe431e675183e1c42282de2ff00cc3aa101a8a760632cbca3aed5f10362d9ff00a2fda66013b2397b135594f87d1381d32b2d1282d739afab59faf5902b41c9d460a70aa8ba17b8a79ea320ede5e147b9860201552e229000b43cb2af846592e842664035bbdfdc0af7a0340a86e4462a2dfdc5461e50960d5fbc6d87a153e5357e277b6b7388986807ed01f41d0a6e2dfd3451c5b69067009d4f848490c8e79700a5f3561c08f0400612ab60829239a90fcb08c2bfee0c58a7ee30ac27be5851a0833567899d23ef1b853216804a9697281529f7a89b72dc33ea97aad997dac89d9487426cf24e0c69703a07f3043a4861652b87ef6060406aee06963c507f70832e3abe3e2620badfa44906225e2af01e603dc4a3a22fa83817bc5005b98cd5a56a19f6c2ce78055f5c54cc8a48600c07701f8e5308c5cc7276e7d3d93656af129d9ec2e855fe6e11c6fe661eb56b8bfdc401ec843f5c74e7ca9bb8013a218c34cd78b80442aaa398bf587281e91696a878f862d0f85411e619166f60606865896785e9312bcf2a47137a7d6519cde5798f3b60050600a26a6941c0a39f4bb650362bc433f74c7a994b6af115d522ff00b1821d0d81407132146bb0860946a1f0a50889e9105939c93c13296a3ebc6af32a32ab9a36c23e02c8af2dc0aae9a226b3039c67caf800ddf2c6dca46cddbf4e0815042b24301db08095bb06cbfcc02f2e58070a798d768de4cbd7c8e9a416486d9b25be384fd8218008bae13e750815e6c77e02221bc405ba3b612155b0dd29c40551960973ca5590c7cb9db399701f781e0b388270e86c7e509a21d057c12c840ba9a17d9dcc2ff9e911d9e66fd3a0b6292044c2257dcdee08306af1b13cd436e9c90888b1dc541570391d8d24a6683ffed87efeb54d80f772f077a6502de905e6216556cbdc52ba7217fda5eddf6a54c8be74043ceed2715c6a58d058ca4cedc83a3d65a5e74661622625711184bd341ec8be620d247cfc0595284b4a505d1e22541b580ee5cf5323602e337b9bc98838ba56a187da3dc60ba77697d13d31821f42c40cc7a88b31f8313d8ad070101613c56f471138f295175e2fcca022b283b4fb5750f8bca19e0ae3cd6a618e3e0160b18e55fb8256fea29c07d6043505b63e7cc41cb070ab07257330d97261cffa269290647dc810577c91dc17cee72421bc3e8ca33b0f622575beedb6222bef62e263180386999f0181e46a1c38eac3f2fc1c1088195800dcd544e70de368e24eab17f0129a89c03a48dd9d411b7cc5b207d07254b309870363826c9701991b79329f8966846dd413e1f6ce6a3974f7e11f82a826d535a721b85144ac8d935c30899861fc213b1884968dee5023bb08fd661e48f23ada89f48d72edad4486752981f6968d69654bf1a1a94bd1f033acb14bc49620515f996096029e3281f0b5f94bf597106bc658a80353551fb40597a951cee0159c9a959d90ab3e90156145c18810d3bf8084b028eec4870ac47bb1a6e73dab825225193457fcbea32e1f4e89427c7996ba8457686e3592a623104a72311a0cc41b54d7524bd91182053b01b96c1bcffda01b2734c9d4b2146e9cfdab358aa01850f0443900f309977e209808ad003b65cff0e209257435df7e6522267e0971194453b99d814cb0c92f1e3e18a382a1f45cc77438f8fac03281b74d40a96576a764a8b88a0e0d7352ca35db5f518193457d359750f99dbca3555c5f738f9310375fc65f862ea622c9f88364fec25b844722465c0e0c33d0196485607c30d45f79a44f78e0fe495c11e1f79b21f799efcb84363ea18427bc99990f468942fa61ccabe6f39ca0bc87c7321f30f7ef0dde4ed00e584a8cfeede9319482ff0079a715d40ba82960e12192435f32a2d9e682881b8e5577f0a6205ec36c5d9ca07815d112fe0b026fda5ef9e1674212bed021762727abe5169045c26a1413dfbee3b3b1ddcb3643bea3c5ff00f962091291481d9c91528f077358bda08e915c60f587ff006236e6d4374fb4e9c798dc83d09b01f24cd34e0ea84a1f6634bd3880f1a33d4d9dcb48fb9d7278f85cb848b9a6f4c3197cbe40c8252a6c7ddd65bee630df2bace914f52182a1d2db067c4200d3b21f25cb95a072c0e62d4a17d086d926ac65fc12af539f18ea333e6889aac3f789dec1bb5cbf79958d0a0c1e30b3aa352ec5ff00d80885c1b502e7ca5a503874c300f5b53d448189783c31ff00d082dc814c0e83d0980d10cc5015680b578826506587bf4ce0640a38b0058cf2475d5c1b6c2d5b0e7c045fa7ac5a29c442414a51ecc36ec5ba7978262015cc1ca82fd569fbd4aa5cea5bddc216d05b88c49a06efdf9f10eb01b782e50114b50716efe2a85751b5ad47a8266f195edc1eed4c5a62ae0806d783996951c1bf7acc33c451285b43b97f0437641a1e167f1028c7d0a3fd8ba8ee6469d9f600a00b5c10e2c7981d3f0be224ac11280723fd47e4d08e2fd25c709ccad57bca028532fdd32e17b2e60cabc2e5602771b72f84782ab57c414fc032d35f863b5af2c3915759ca51286dfb605ba2f3e22ae972162f5d7895ea1740602a2053503d61c1eb0d9cb8547ab538e4f01e4688c1ad63ff0030fa4010310ad5c2dab62a3c10d7d0a9708810a44bb23441b584f4ea1795fcc78c1ad30ded39ee09505958d8e92f06c1085559dca8109ac6228b2c65ee83d8218f33180805edbaa55557ebfc4cbc5e883744402c5b6fc9883117200f5256c78871f3b131ceab6b896adbbfb0c88976750b8ad0b681c7c2a28267ae88e5a864792205c7cf24f5da1cc072ebc337d63c406c18f32fcfbaa97e218e34650798c0f29c61af4fe220992c4f581e81f76014e3d609d25f043e419163ab8547b015a7e6188e80203445ccf35899ea95419f8752c5c8e816db9f111a35bbae3aad11a00323ef9f99734ff11297baa9b5c4aa08278ac1831ab7cd3d2609769d4aa00038f83fc944bcb635d6e6886d48f36788497d805655eba21a6cd0e3b839e84b48f3473e0d5c5668ab747474437f7a7dd8b523051415fbb887b2a92f1b98862b355861c149c9b82d93184bcade329cfb4d81ca1b80d62ea32e79945c21fb30b264003800da8db541d61e4ed9751dd33d8c46d1eb0ab2b7a439c1e840f36b29ff00665132d61be5f74340e3e54b9909c4d0a2adbeff00d20b9d02584ca577bc4bef6dd01e07e7923e382ce543bf2b1227b8bcbe82584894116e69cc50293b827c3996f1016eb3dc2560d3b3ca608bb2ee1879f2fda105057d4cd5d7da544804865185d9e65da8030179c9c40f9f69b122967d4a89be71c472c11027b2f5d5ea92219ae2749823e3d5a8078f2788a43ca0b8ec1e7cc04ad9e05b294f7087bd4b046eaee00d83c998952d7508ff00091541745758021f2ac414a686ba5cc2763090f3cf0fa9cc780021ed1a785fa47e0951a55c3fda28594af310e113c37098cd6dad6bd603ab0346aa6b43eb0192e921f6bb308763305be381556f5506cce5296ace3c4ae25e3170d7d248d8056eefe3c6fe563251407331e07198f7fb140c91e6e6dab2fb31b89e2a4f5e5ed2fadc0b0ece98bf759afd1ffe47838d840fc9091f12f0d2a8d0ab7895e6b2c13d6a3012e7fc217f8834bcda6fdb8889aec47f246ca4195003d58a2f42d7e55efc4685694f6bcfcb6473a987f52f6d7810f44ac543d9cca0fafe62770c28f6282ddbe907f76e9b0ebcacd7de375bd98f972d05405b0e1fea22b79e3f98c4b646d428ea2565af22e21e9d6cdd5ed5e58ea5d95f1d6ba5747982235bd6b77c8595f61ae53b39a87d3511c2750fb149507e7c547f30a73829f0df24acd17553f8256f8d8e2bd7980a134ebe8ea5d4a607fb842dd2ac11b146328f68deb0ec4458fd11c634415412be5b342d5b6cac911b4250a0b6e8897bd455ba429a8e6684309c2a54a4089095cc5715d00f826fd6563329efecab3f2ae21400d5aeae8f32ddc5d04fad52a67ad5c87a12c929019b38840ed19b2d300d03da52b52bc040afb544837f3e6439fb9e21170a20f4e7514b54aaed7ec2ae16482d4aee61dd99268d1facacb31426f20ee1afd7dd40fa2eaad7d43e4b409b26b5994c7986bee571156d30c900f61d9f63c8773b508a55c327dc02dd0be843e8dfc2feb199b4a740b11d9149d013401f6264585f4ca3e0a56f92ea1a7ee37f41e4cb93cfd271155a26d7022e5728b1e13ea332c652c6bba39b873fa032e5e7ed8d999ba710554ab1bb7e9defab84018b7cc436d5ed1b1faec766684b560b8d6659787c7d8330ac2d543fdbe22ea74981451db587f4c35f6d5f4d73edc9566cf495443c30fd05ccac124d8e0fa5c0dc8800db1bcf1ccaf0bebfe08a88040a790749c90cad716bda288eb5dafebd401503a6b70c9f7ab501c6096acfd198a97db503a61afbc6e9a978bd2d5f9600a428007cbb89e4ed787d818b935fe06c115526e8e13a96e29bba8f77c4b8a6876f446047eb92cf09f7bf109029a0db1b82e6d7dadcbfbc73bfb4bc59146b710856eeaaaa052b0c5e2fed292284b353ca7d822b6616ae2be73a89f7eb30ef81310469d2c9afd17413e4a628455a395fff000961f4c1246c4307ac3ec38fd25d43c28b003db126396217d31c590a480e9e21afafc408aca2acbac59c918fe43c7afeff0056bfdb86fcfde0a15d253142d6d2dfb4b97f42bea96b67b317fa8b5ce08a1684bc30d7dca32ca2b41b6362052629f9594ad56aff008873fa225fddb6eff2dd8472ab95cafcac6ebab73fe65edfa4dcbc5fd64f1f43b57c11db9d1523e4fd5d797014f0d661d14c1d1ebcfd6a144916bd662afc11e9f67830bc116f6c52ec0e43c3fa1a5ce3f424ab144d271192132ab6bfe214b742d6fe5e253142abdbb7f80fb8c61fabab30b9d5a031fa43c45501b58f92a13567dea665f25fcfdf1680e61160083623f4069431545bdbc43748a84a0f66188298039aedfd3dd4194768fe686bea322e8516ba3e80a229134916ca9576b2bf4f75368ced603baf586ff41751c8d7a1ea787251870fcb7fe03e939f93179d473b013ac7b79cc3fc1587ebcfa4788f40b2f47d460e3cc3f57e49ab044c4b9b8750e7d7e9bc46cefe61c3abdc3f87cfffd9, 'Teras Kota', 36, 3603, 14567);

-- --------------------------------------------------------

--
-- Struktur dari tabel `pengguna`
--

CREATE TABLE `pengguna` (
  `id_pengguna` int(10) NOT NULL,
  `nama` varchar(30) NOT NULL,
  `email` varchar(30) NOT NULL,
  `gender` varchar(6) NOT NULL,
  `password` varchar(255) NOT NULL,
  `alamat` varchar(50) NOT NULL,
  `id_provinsi` int(5) NOT NULL,
  `id_kabupaten` int(5) NOT NULL,
  `kodepos` int(5) NOT NULL
) ENGINE=InnoDB DEFAULT CHARSET=latin1;

--
-- Dumping data untuk tabel `pengguna`
--

INSERT INTO `pengguna` (`id_pengguna`, `nama`, `email`, `gender`, `password`, `alamat`, `id_provinsi`, `id_kabupaten`, `kodepos`) VALUES
(1, 'Aminah', 'aminah@gmai.com', '', 'aminah', 'Jalan i aja dulu', 32, 3273, 12312),
(2, 'ivanhanif', 'ivanhanif@gmail.com', 'Male', 'ganteng123', 'Pemalang', 11, 1105, 52361),
(3, 'samlekom', 'a@m.com', 'Male', '828fd92557', 'dasdasdasd', 33, 3324, 12312),
(4, 'vidiansyah', 'vidiansyah@gmail.com', 'Male', '8769c52ab0', 'Pemalang', 33, 3327, 52361),
(5, 'Jaya', 'jaya@m.com', 'Male', '8769c52ab0', 'uweuwe', 19, 1901, 12345),
(6, 'informatika', 'if@gmail.com', 'Male', '2603493a3c', 'semarang', 19, 1901, 12345),
(7, 'aisyah', 'aisyah@g.com', 'Male', '810f361c30', 'tembalang', 33, 3324, 12312),
(8, 'yulinurhayati', 'yurrrhayati7@gmail.com', 'Female', 'qwerty123', 'halooo', 17, 1701, 12345),
(9, 'yuli nurhayati', 'yulinurhayati7@gmail.com', 'Female', '3fc0a7acf087f549ac2b266baf94b8b1', 'Villa Balaraja Blok N7 no 10', 36, 3603, 15610),
(10, 'yulinurhayati', 'yulinurhayati7@outlook.com', 'Female', '3fc0a7acf087f549ac2b266baf94b8b1', 'Jl. Banjarsari no 3', 33, 3374, 12345),
(11, 'asdfgg', 'asda@m.com', 'Male', '1adbb3178591fd5bb0c248518f39bf6d', 'halooo', 17, 1701, 12345),
(12, 'aa', 'aa@m.com', 'Male', '1adbb3178591fd5bb0c248518f39bf6d', 'asdg', 51, 5103, 56765),
(13, 'bb', 'bb@m.com', 'Male', '1adbb3178591fd5bb0c248518f39bf6d', 'sdgdf', 11, 1106, 70580);

-- --------------------------------------------------------

--
-- Struktur dari tabel `provinsi`
--

CREATE TABLE `provinsi` (
  `id_provinsi` int(5) NOT NULL,
  `nama` varchar(20) NOT NULL
) ENGINE=InnoDB DEFAULT CHARSET=latin1;

--
-- Dumping data untuk tabel `provinsi`
--

INSERT INTO `provinsi` (`id_provinsi`, `nama`) VALUES
(11, 'Aceh'),
(12, 'Sumatera Utara'),
(13, 'Sumatera Barat'),
(14, 'Riau'),
(15, 'Jambi'),
(16, 'Sumatera Selatan'),
(17, 'Bengkulu'),
(18, 'Lampung'),
(19, 'Kepulauan Bangka Bel'),
(21, 'Kepulauan Riau'),
(31, 'DKI Jakarta'),
(32, 'Jawa Barat'),
(33, 'Jawa Tengah'),
(34, 'DI Yogyakarta'),
(35, 'Jawa Timur'),
(36, 'Banten'),
(51, 'Bali'),
(52, 'Nusa Tenggara Barat'),
(53, 'Nusa Tenggara Timur'),
(61, 'Kalimantan Barat'),
(62, 'Kalimantan Tengah'),
(63, 'Kalimantan Selatan'),
(64, 'Kalimantan Timur'),
(65, 'Kalimantan Utara'),
(71, 'Sulawesi Utara'),
(72, 'Sulawesi Tengah'),
(73, 'Sulawesi Selatan'),
(74, 'Sulawesi Tenggara'),
(75, 'Gorontalo'),
(76, 'Sulawesi Barat'),
(81, 'Maluku'),
(82, 'Maluku Utara'),
(91, 'Papua Barat'),
(92, 'Papua');

-- --------------------------------------------------------

--
-- Struktur dari tabel `status_transaksi`
--

CREATE TABLE `status_transaksi` (
  `id_transaksi` int(5) NOT NULL,
  `status` varchar(100) NOT NULL,
  `tgl_update` timestamp NOT NULL DEFAULT CURRENT_TIMESTAMP
) ENGINE=InnoDB DEFAULT CHARSET=latin1;

--
-- Dumping data untuk tabel `status_transaksi`
--

INSERT INTO `status_transaksi` (`id_transaksi`, `status`, `tgl_update`) VALUES
(137, 'Barang Diterima', '2018-10-11 11:02:57'),
(137, 'Menunggu Pembayaran', '2018-10-10 18:42:00'),
(137, 'Proses Pengiriman', '2018-10-11 10:49:34'),
(138, 'Barang Diterima', '2018-10-11 11:02:56'),
(138, 'Menunggu Pembayaran', '2018-10-11 10:53:47'),
(138, 'Proses Pengiriman', '2018-10-11 10:54:13'),
(139, 'Barang Diterima', '2018-10-11 11:02:55'),
(139, 'Menunggu Pembayaran', '2018-10-11 10:56:52'),
(139, 'Proses Pengiriman', '2018-10-11 10:57:20'),
(140, 'Barang Diterima', '2018-10-11 11:02:54'),
(140, 'Menunggu Pembayaran', '2018-10-11 11:02:08'),
(140, 'Proses Pengiriman', '2018-10-11 11:02:26'),
(141, 'Barang Diterima', '2018-10-11 11:22:46'),
(141, 'Menunggu Pembayaran', '2018-10-11 11:03:26'),
(141, 'Proses Pengiriman', '2018-10-11 11:14:22'),
(142, 'Menunggu Pembayaran', '2018-10-11 11:12:10'),
(142, 'Proses Pengiriman', '2018-10-11 11:12:27'),
(143, 'Menunggu Pembayaran', '2018-10-11 11:22:08'),
(143, 'Proses Pengiriman', '2018-10-11 11:22:31'),
(144, 'Menunggu Pembayaran', '2018-10-11 11:23:09'),
(145, 'Menunggu Pembayaran', '2018-10-11 11:48:45');

-- --------------------------------------------------------

--
-- Struktur dari tabel `transaksi`
--

CREATE TABLE `transaksi` (
  `id_transaksi` int(5) NOT NULL,
  `id_pengguna` int(5) NOT NULL,
  `tanggal_transaksi` timestamp NOT NULL DEFAULT CURRENT_TIMESTAMP,
  `id_provinsi_kirim` int(5) NOT NULL,
  `id_kabupaten_kirim` int(5) NOT NULL,
  `kodepos_kirim` int(5) NOT NULL,
  `total_item` int(3) NOT NULL,
  `total_harga` int(6) NOT NULL,
  `biaya_kirim` int(6) NOT NULL,
  `alamat` varchar(50) NOT NULL
) ENGINE=InnoDB DEFAULT CHARSET=latin1;

--
-- Dumping data untuk tabel `transaksi`
--

INSERT INTO `transaksi` (`id_transaksi`, `id_pengguna`, `tanggal_transaksi`, `id_provinsi_kirim`, `id_kabupaten_kirim`, `kodepos_kirim`, `total_item`, `total_harga`, `biaya_kirim`, `alamat`) VALUES
(137, 12, '2018-10-10 18:41:59', 51, 5103, 23476, 6, 445000, 0, 'asdasd'),
(138, 12, '2018-10-11 10:53:46', 36, 3602, 34666, 6, 445000, 0, 'asdad'),
(139, 12, '2018-10-11 10:56:51', 11, 1105, 34567, 6, 445000, 0, 'gre5y'),
(140, 12, '2018-10-11 11:02:08', 36, 3602, 67874, 5, 350000, 0, '56urhtjhg'),
(141, 12, '2018-10-11 11:03:26', 31, 3101, 68787, 1, 900000, 0, 'samlekom'),
(142, 12, '2018-10-11 11:12:10', 11, 1105, 234235, 2, 910000, 0, 'fgdfg'),
(143, 12, '2018-10-11 11:22:07', 34, 3402, 34543, 3, 1810000, 0, 'asdasdasd'),
(144, 12, '2018-10-11 11:23:09', 17, 1701, 34545, 1, 900000, 0, 'zxczxc'),
(145, 12, '2018-10-11 11:48:45', 17, 1701, 12312, 2, 140000, 0, 'adasda');

--
-- Indexes for dumped tables
--

--
-- Indexes for table `barang`
--
ALTER TABLE `barang`
  ADD PRIMARY KEY (`id_barang`),
  ADD KEY `id_kategori` (`id_kategori`),
  ADD KEY `id_pemiliktoko` (`id_pemiliktoko`);

--
-- Indexes for table `detail_transaksi`
--
ALTER TABLE `detail_transaksi`
  ADD PRIMARY KEY (`id_transaksi`,`id_barang`,`id_pemiliktoko`),
  ADD KEY `id_barang` (`id_barang`),
  ADD KEY `id_transaksi` (`id_transaksi`,`id_barang`) USING BTREE,
  ADD KEY `id_pemiliktoko` (`id_pemiliktoko`) USING BTREE;

--
-- Indexes for table `kabupaten`
--
ALTER TABLE `kabupaten`
  ADD PRIMARY KEY (`id_kabupaten`),
  ADD KEY `id_provinsi` (`id_provinsi`);

--
-- Indexes for table `kategori`
--
ALTER TABLE `kategori`
  ADD PRIMARY KEY (`id_kategori`);

--
-- Indexes for table `keranjang`
--
ALTER TABLE `keranjang`
  ADD PRIMARY KEY (`id_keranjang`),
  ADD KEY `id_pengguna` (`id_pengguna`),
  ADD KEY `id_barang` (`id_barang`),
  ADD KEY `id_pemiliktoko` (`id_pemiliktoko`);

--
-- Indexes for table `konfirmasi_pembayaran`
--
ALTER TABLE `konfirmasi_pembayaran`
  ADD PRIMARY KEY (`id_transaksi`),
  ADD KEY `id_transaksi` (`id_transaksi`) USING BTREE;

--
-- Indexes for table `pemilik_toko`
--
ALTER TABLE `pemilik_toko`
  ADD PRIMARY KEY (`id_pemiliktoko`),
  ADD KEY `id_provinsi` (`id_provinsi`),
  ADD KEY `id_kabupaten` (`id_kabupaten`);

--
-- Indexes for table `pengguna`
--
ALTER TABLE `pengguna`
  ADD PRIMARY KEY (`id_pengguna`,`email`),
  ADD KEY `id_kabupaten` (`id_kabupaten`),
  ADD KEY `id_provinsi` (`id_provinsi`);

--
-- Indexes for table `provinsi`
--
ALTER TABLE `provinsi`
  ADD PRIMARY KEY (`id_provinsi`);

--
-- Indexes for table `status_transaksi`
--
ALTER TABLE `status_transaksi`
  ADD PRIMARY KEY (`id_transaksi`,`status`),
  ADD KEY `id_transaksi` (`id_transaksi`) USING BTREE;

--
-- Indexes for table `transaksi`
--
ALTER TABLE `transaksi`
  ADD PRIMARY KEY (`id_transaksi`),
  ADD KEY `id_pengguna` (`id_pengguna`),
  ADD KEY `id_provinsi_kirim` (`id_provinsi_kirim`),
  ADD KEY `id_kabupaten_kirim` (`id_kabupaten_kirim`);

--
-- AUTO_INCREMENT for dumped tables
--

--
-- AUTO_INCREMENT for table `keranjang`
--
ALTER TABLE `keranjang`
  MODIFY `id_keranjang` int(5) NOT NULL AUTO_INCREMENT, AUTO_INCREMENT=77;

--
-- AUTO_INCREMENT for table `konfirmasi_pembayaran`
--
ALTER TABLE `konfirmasi_pembayaran`
  MODIFY `id_transaksi` int(5) NOT NULL AUTO_INCREMENT, AUTO_INCREMENT=144;

--
-- AUTO_INCREMENT for table `pengguna`
--
ALTER TABLE `pengguna`
  MODIFY `id_pengguna` int(10) NOT NULL AUTO_INCREMENT, AUTO_INCREMENT=14;

--
-- AUTO_INCREMENT for table `transaksi`
--
ALTER TABLE `transaksi`
  MODIFY `id_transaksi` int(5) NOT NULL AUTO_INCREMENT, AUTO_INCREMENT=146;

--
-- Ketidakleluasaan untuk tabel pelimpahan (Dumped Tables)
--

--
-- Ketidakleluasaan untuk tabel `barang`
--
ALTER TABLE `barang`
  ADD CONSTRAINT `barang_ibfk_1` FOREIGN KEY (`id_kategori`) REFERENCES `kategori` (`id_kategori`),
  ADD CONSTRAINT `barang_ibfk_2` FOREIGN KEY (`id_pemiliktoko`) REFERENCES `pemilik_toko` (`id_pemiliktoko`);

--
-- Ketidakleluasaan untuk tabel `detail_transaksi`
--
ALTER TABLE `detail_transaksi`
  ADD CONSTRAINT `detail_transaksi_ibfk_1` FOREIGN KEY (`id_barang`) REFERENCES `barang` (`id_barang`),
  ADD CONSTRAINT `detail_transaksi_ibfk_2` FOREIGN KEY (`id_transaksi`) REFERENCES `transaksi` (`id_transaksi`),
  ADD CONSTRAINT `detail_transaksi_ibfk_3` FOREIGN KEY (`id_pemiliktoko`) REFERENCES `pemilik_toko` (`id_pemiliktoko`);

--
-- Ketidakleluasaan untuk tabel `kabupaten`
--
ALTER TABLE `kabupaten`
  ADD CONSTRAINT `kabupaten_ibfk_1` FOREIGN KEY (`id_provinsi`) REFERENCES `provinsi` (`id_provinsi`);

--
-- Ketidakleluasaan untuk tabel `keranjang`
--
ALTER TABLE `keranjang`
  ADD CONSTRAINT `keranjang_ibfk_2` FOREIGN KEY (`id_pengguna`) REFERENCES `pengguna` (`id_pengguna`),
  ADD CONSTRAINT `keranjang_ibfk_3` FOREIGN KEY (`id_barang`) REFERENCES `barang` (`id_barang`),
  ADD CONSTRAINT `keranjang_ibfk_4` FOREIGN KEY (`id_pemiliktoko`) REFERENCES `pemilik_toko` (`id_pemiliktoko`);

--
-- Ketidakleluasaan untuk tabel `pemilik_toko`
--
ALTER TABLE `pemilik_toko`
  ADD CONSTRAINT `pemilik_toko_ibfk_1` FOREIGN KEY (`id_provinsi`) REFERENCES `provinsi` (`id_provinsi`),
  ADD CONSTRAINT `pemilik_toko_ibfk_2` FOREIGN KEY (`id_kabupaten`) REFERENCES `kabupaten` (`id_kabupaten`);

--
-- Ketidakleluasaan untuk tabel `pengguna`
--
ALTER TABLE `pengguna`
  ADD CONSTRAINT `pengguna_ibfk_1` FOREIGN KEY (`id_kabupaten`) REFERENCES `kabupaten` (`id_kabupaten`),
  ADD CONSTRAINT `pengguna_ibfk_2` FOREIGN KEY (`id_provinsi`) REFERENCES `provinsi` (`id_provinsi`);

--
-- Ketidakleluasaan untuk tabel `status_transaksi`
--
ALTER TABLE `status_transaksi`
  ADD CONSTRAINT `status_transaksi_ibfk_1` FOREIGN KEY (`id_transaksi`) REFERENCES `transaksi` (`id_transaksi`);

--
-- Ketidakleluasaan untuk tabel `transaksi`
--
ALTER TABLE `transaksi`
  ADD CONSTRAINT `transaksi_ibfk_1` FOREIGN KEY (`id_pengguna`) REFERENCES `pengguna` (`id_pengguna`),
  ADD CONSTRAINT `transaksi_ibfk_3` FOREIGN KEY (`id_provinsi_kirim`) REFERENCES `provinsi` (`id_provinsi`),
  ADD CONSTRAINT `transaksi_ibfk_4` FOREIGN KEY (`id_kabupaten_kirim`) REFERENCES `kabupaten` (`id_kabupaten`);
COMMIT;

/*!40101 SET CHARACTER_SET_CLIENT=@OLD_CHARACTER_SET_CLIENT */;
/*!40101 SET CHARACTER_SET_RESULTS=@OLD_CHARACTER_SET_RESULTS */;
/*!40101 SET COLLATION_CONNECTION=@OLD_COLLATION_CONNECTION */;
